step,mode,seed,x,y,z,speed,fuel,heat,pressure,suit,shield,criticality,pr,pr_norm,mle,law_cost,law_count,falsifiability,semantic_entropy,prediction_error,action_agency,goal_agency,coverage,state_density,ambiguity,compression_gain,godel_tokens,semantic_drift,delta_ep_min,active_laws,failure_state,zone_id,cell_pos
0,lander,42,100.61,67.53,0.0,5.089,99.89,5.02,25.0,0,0,0.2083,0.0176,0.0794,0.25,4.5,4,0.675,0.0,0.0,1.0,1.0,0.0,1.0,0.0,0.1176,1,0.9941,0.0625,"thrust_gravity_drag,quantized_rotation,resource_thermodynamics,playable_reality",active,0,
1,lander,42,101.23,67.59,0.0,5.19,99.78,5.04,25.0,0,0,0.2083,0.0221,0.0993,0.25,4.5,4,0.675,2.0,0.5,1.0,1.0,0.0,1.0,0.5,0.2353,2,0.0,0.0625,"thrust_gravity_drag,quantized_rotation,resource_thermodynamics,playable_reality",active,0,
2,lander,42,101.86,67.68,0.0,5.303,99.68,5.06,25.0,0,0,0.2083,0.0331,0.1489,0.25,4.5,4,0.675,2.0,0.5,1.0,1.0,0.0,1.0,0.5,0.3529,3,0.0,0.0625,"thrust_gravity_drag,quantized_rotation,resource_thermodynamics,playable_reality",active,0,
3,lander,42,102.5,67.8,0.0,5.426,99.57,5.08,25.0,0,0,0.2083,0.0441,0.1985,0.25,4.5,4,0.675,2.0,0.5,1.0,1.0,0.0,1.0,0.5,0.4706,4,0.0,0.0625,"thrust_gravity_drag,quantized_rotation,resource_thermodynamics,playable_reality",active,0,
4,lander,42,103.14,67.9,0.0,5.387,99.57,5.06,25.0,0,0,0.2083,0.0421,0.1896,0.25,4.5,4,0.675,2.5,0.5,0.8,0.8,0.0,1.0,0.5,0.5882,5,0.3242,0.0078,"thrust_gravity_drag,quantized_rotation,resource_thermodynamics,playable_reality",active,0,
5,lander,42,103.78,67.97,0.0,5.354,99.57,5.04,25.0,0,0,0.2083,0.0403,0.1815,0.25,4.5,4,0.675,3.0,0.5,0.6667,0.6667,0.0,1.0,0.5,0.7059,6,0.0,0.0078,"thrust_gravity_drag,quantized_rotation,resource_thermodynamics,playable_reality",active,0,
6,lander,42,104.41,68.03,0.0,5.329,99.57,5.02,25.0,0,0,0.2083,0.0387,0.1741,0.25,4.5,4,0.675,3.5,0.5,0.5714,0.5714,0.0,1.0,0.5,0.8235,7,0.3145,0.0234,"thrust_gravity_drag,quantized_rotation,resource_thermodynamics,playable_reality",active,0,
7,lander,42,105.05,68.05,0.0,5.311,99.57,5.0,25.0,0,0,0.2083,0.0372,0.1672,0.25,4.5,4,0.675,4.0,0.5,0.5,0.5,0.0,1.0,0.5,0.9412,8,0.0,0.0234,"thrust_gravity_drag,quantized_rotation,resource_thermodynamics,playable_reality",active,0,
8,lander,42,105.69,68.06,0.0,5.299,99.57,4.98,25.0,0,0,0.2083,0.0357,0.1608,0.25,4.5,4,0.675,4.5,0.5,0.4444,0.4444,0.0,1.0,0.5,1.0588,9,0.0,0.0234,"thrust_gravity_drag,quantized_rotation,resource_thermodynamics,playable_reality",active,0,
9,lander,42,106.33,68.09,0.0,5.39,99.46,5.0,25.0,0,0,0.2083,0.0464,0.209,0.25,4.5,4,0.675,4.0,0.5,0.5,0.5,0.0,1.0,0.5,1.1765,10,0.0,0.0234,"thrust_gravity_drag,quantized_rotation,resource_thermodynamics,playable_reality",active,0,
10,lander,42,106.99,68.16,0.0,5.491,99.35,5.02,25.0,0,0,0.2083,0.0572,0.2576,0.25,4.5,4,0.675,3.6667,0.5,0.5455,0.5455,0.0,1.0,0.5,1.2941,11,0.0,0.0234,"thrust_gravity_drag,quantized_rotation,resource_thermodynamics,playable_reality",active,0,
11,lander,42,107.65,68.25,0.0,5.603,99.24,5.04,25.0,0,0,0.2083,0.0681,0.3064,0.25,4.5,4,0.675,3.4286,0.5,0.5833,0.5833,0.0,1.0,0.5,1.4118,12,0.0,0.0234,"thrust_gravity_drag,quantized_rotation,resource_thermodynamics,playable_reality",active,0,
12,lander,42,108.33,68.38,0.0,5.725,99.14,5.06,25.0,0,0,0.2083,0.079,0.3554,0.25,4.5,4,0.675,3.25,0.5,0.6154,0.6154,0.0,1.0,0.5,1.5294,13,0.3145,0.0078,"thrust_gravity_drag,quantized_rotation,resource_thermodynamics,playable_reality",active,0,
13,lander,42,109.0,68.48,0.0,5.686,99.14,5.04,25.0,0,0,0.2083,0.0774,0.3481,0.25,4.5,4,0.675,3.5,0.5,0.5714,0.5714,0.0,1.0,0.5,1.6471,14,0.3145,0.0234,"thrust_gravity_drag,quantized_rotation,resource_thermodynamics,playable_reality",active,0,
14,lander,42,109.68,68.56,0.0,5.653,99.14,5.02,25.0,0,0,0.2083,0.0758,0.3411,0.25,4.5,4,0.675,3.75,0.5,0.5333,0.5333,0.0,1.0,0.5,1.7647,15,0.0,0.0234,"thrust_gravity_drag,quantized_rotation,resource_thermodynamics,playable_reality",active,0,
15,lander,42,110.35,68.61,0.0,5.627,99.14,5.0,25.0,0,0,0.2083,0.0743,0.3344,0.25,4.5,4,0.675,4.0,0.5,0.5,0.5,0.0,1.0,0.5,1.8824,16,0.0,0.0234,"thrust_gravity_drag,quantized_rotation,resource_thermodynamics,playable_reality",active,0,
16,lander,42,111.02,68.64,0.0,5.608,99.14,4.98,25.0,0,0,0.2083,0.0729,0.3279,0.25,4.5,4,0.675,4.25,0.5,0.4706,0.4706,0.0,1.0,0.5,2.0,17,0.0,0.0234,"thrust_gravity_drag,quantized_rotation,resource_thermodynamics,playable_reality",active,0,
17,lander,42,111.69,68.65,0.0,5.596,99.14,4.96,25.0,0,0,0.2083,0.0715,0.3217,0.25,4.5,4,0.675,4.5,0.5,0.4444,0.4444,0.0,1.0,0.5,2.1176,18,0.0,0.0234,"thrust_gravity_drag,quantized_rotation,resource_thermodynamics,playable_reality",active,0,
18,lander,42,112.38,68.69,0.0,5.687,99.03,4.98,25.0,0,0,0.2083,0.0822,0.3697,0.25,4.5,4,0.675,4.2222,0.5,0.4737,0.4737,0.0,1.0,0.5,2.2353,19,0.0,0.0234,"thrust_gravity_drag,quantized_rotation,resource_thermodynamics,playable_reality",active,0,
19,lander,42,113.07,68.76,0.0,5.788,98.92,5.0,25.0,0,0,0.2083,0.0929,0.418,0.25,4.5,4,0.675,4.0,0.5,0.5,0.5,0.0,1.0,0.5,2.3529,20,0.0,0.0234,"thrust_gravity_drag,quantized_rotation,resource_thermodynamics,playable_reality",active,0,
20,lander,42,113.77,68.86,0.0,5.9,98.81,5.02,25.0,0,0,0.2083,0.1037,0.4664,0.25,4.5,4,0.675,3.8182,0.5,0.5238,0.5238,0.0,1.0,0.5,2.4706,21,0.0,0.0234,"thrust_gravity_drag,quantized_rotation,resource_thermodynamics,playable_reality",active,0,
21,lander,42,114.48,68.99,0.0,6.021,98.7,5.04,25.0,0,0,0.2083,0.1145,0.5151,0.25,4.5,4,0.675,3.6667,0.5,0.5455,0.5455,0.0,1.0,0.5,2.5882,22,0.0,0.0234,"thrust_gravity_drag,quantized_rotation,resource_thermodynamics,playable_reality",active,0,
22,lander,42,115.19,69.09,0.0,5.982,98.7,5.02,25.0,0,0,0.2083,0.1129,0.5082,0.25,4.5,4,0.675,3.8333,0.5,0.5217,0.5217,0.0,1.0,0.5,2.7059,23,0.0,0.0234,"thrust_gravity_drag,quantized_rotation,resource_thermodynamics,playable_reality",active,0,
23,lander,42,115.9,69.17,0.0,5.949,98.7,5.0,25.0,0,0,0.2083,0.1115,0.5015,0.25,4.5,4,0.675,4.0,0.5,0.5,0.5,0.0,1.0,0.5,2.8235,24,0.0,0.0234,"thrust_gravity_drag,quantized_rotation,resource_thermodynamics,playable_reality",active,0,
24,lander,42,116.61,69.23,0.0,5.923,98.7,4.98,25.0,0,0,0.2083,0.11,0.495,0.25,4.5,4,0.675,4.1667,0.5,0.48,0.48,0.0,1.0,0.5,2.9412,25,0.0,0.0234,"thrust_gravity_drag,quantized_rotation,resource_thermodynamics,playable_reality",active,0,
25,lander,42,117.31,69.27,0.0,5.903,98.7,4.96,25.0,0,0,0.2083,0.1086,0.4887,0.25,4.5,4,0.675,4.3333,0.5,0.4615,0.4615,0.0,1.0,0.5,3.0588,26,0.0,0.0234,"thrust_gravity_drag,quantized_rotation,resource_thermodynamics,playable_reality",active,0,
26,lander,42,118.02,69.28,0.0,5.889,98.7,4.94,25.0,0,0,0.2083,0.1072,0.4825,0.25,4.5,4,0.675,4.5,0.5,0.4444,0.4444,0.0,1.0,0.5,3.1765,27,0.0,0.0234,"thrust_gravity_drag,quantized_rotation,resource_thermodynamics,playable_reality",active,0,
27,lander,42,118.74,69.32,0.0,5.981,98.6,4.96,25.0,0,0,0.2083,0.1179,0.5305,0.25,4.5,4,0.675,4.3077,0.5,0.4643,0.4643,0.0,1.0,0.5,3.2941,28,0.0,0.0234,"thrust_gravity_drag,quantized_rotation,resource_thermodynamics,playable_reality",active,0,
28,lander,42,119.46,69.4,0.0,6.082,98.49,4.98,25.0,0,0,0.2083,0.1286,0.5786,0.25,4.5,4,0.675,4.1429,0.5,0.4828,0.4828,0.0,1.0,0.5,3.4118,29,0.0,0.0234,"thrust_gravity_drag,quantized_rotation,resource_thermodynamics,playable_reality",active,0,
29,lander,42,120.2,69.5,0.0,6.193,98.38,5.0,25.0,0,0,0.2083,0.1393,0.6269,0.25,4.5,4,0.675,4.0,0.5,0.5,0.5,0.0,1.0,0.5,3.5294,30,0.0,0.0234,"thrust_gravity_drag,quantized_rotation,resource_thermodynamics,playable_reality",active,0,
30,lander,42,120.95,69.63,0.0,6.314,98.27,5.02,25.0,0,0,0.2083,0.1501,0.6754,0.25,4.5,4,0.675,3.875,0.5,0.5161,0.5161,0.0,1.0,0.5,3.6471,31,0.0,0.0234,"thrust_gravity_drag,quantized_rotation,resource_thermodynamics,playable_reality",active,0,
31,lander,42,121.69,69.74,0.0,6.275,98.27,5.0,25.0,0,0,0.2083,0.1486,0.6687,0.25,4.5,4,0.675,4.0,0.5,0.5,0.5,0.0,1.0,0.5,3.7647,32,0.0,0.0234,"thrust_gravity_drag,quantized_rotation,resource_thermodynamics,playable_reality",active,0,
32,lander,42,122.43,69.83,0.0,6.242,98.27,4.98,25.0,0,0,0.2083,0.1472,0.6622,0.25,4.5,4,0.675,4.125,0.5,0.4848,0.4848,0.0,1.0,0.5,3.8824,33,0.0,0.0234,"thrust_gravity_drag,quantized_rotation,resource_thermodynamics,playable_reality",active,0,
33,lander,42,123.18,69.89,0.0,6.215,98.27,4.96,25.0,0,0,0.2083,0.1457,0.6558,0.25,4.5,4,0.675,4.25,0.5,0.4706,0.4706,0.0,1.0,0.5,4.0,34,0.0,0.0234,"thrust_gravity_drag,quantized_rotation,resource_thermodynamics,playable_reality",active,0,
34,lander,42,123.92,69.93,0.0,6.194,98.27,4.94,25.0,0,0,0.2083,0.1443,0.6495,0.25,4.5,4,0.675,4.375,0.5,0.4571,0.4571,0.0,1.0,0.5,4.1176,35,0.0,0.0234,"thrust_gravity_drag,quantized_rotation,resource_thermodynamics,playable_reality",active,0,
35,lander,42,124.66,69.95,0.0,6.18,98.27,4.92,25.0,0,0,0.2083,0.143,0.6433,0.25,4.5,4,0.675,4.5,0.5,0.4444,0.4444,0.0,1.0,0.5,4.2353,36,0.0,0.0234,"thrust_gravity_drag,quantized_rotation,resource_thermodynamics,playable_reality",active,0,
36,lander,42,125.42,69.99,0.0,6.355,98.16,4.94,25.0,0,0,0.2083,0.1536,0.6913,0.25,4.5,4,0.675,4.3529,0.5,0.4595,0.4595,0.0,1.0,0.5,4.3529,37,0.0,0.0234,"thrust_gravity_drag,quantized_rotation,resource_thermodynamics,playable_reality",active,0,
37,lander,42,126.2,70.06,0.0,6.539,98.06,4.96,25.0,0,0,0.2083,0.1643,0.7394,0.25,4.5,4,0.675,4.2222,0.5,0.4737,0.4737,0.0,1.0,0.5,4.4706,38,0.0,0.0234,"thrust_gravity_drag,quantized_rotation,resource_thermodynamics,playable_reality",active,0,
38,lander,42,127.01,70.16,0.0,6.728,97.95,4.98,25.0,0,0,0.2083,0.175,0.7876,0.25,4.5,4,0.675,4.1053,0.5,0.4872,0.4872,0.0,1.0,0.5,4.5882,39,0.0,0.0234,"thrust_gravity_drag,quantized_rotation,resource_thermodynamics,playable_reality",active,0,
39,lander,42,127.83,70.28,0.0,6.924,97.84,5.0,25.0,0,0,0.2083,0.1858,0.8359,0.25,4.5,4,0.675,4.0,0.5,0.5,0.5,0.0,1.0,0.5,4.7059,40,0.0,0.0234,"thrust_gravity_drag,quantized_rotation,resource_thermodynamics,playable_reality",active,0,
40,lander,42,128.65,70.38,0.0,6.889,97.84,4.98,25.0,0,0,0.2083,0.1843,0.8294,0.25,4.5,4,0.675,4.1,0.5,0.4878,0.4878,0.0,1.0,0.5,4.8235,41,0.0,0.0234,"thrust_gravity_drag,quantized_rotation,resource_thermodynamics,playable_reality",active,0,
41,lander,42,129.47,70.46,0.0,6.86,97.84,4.96,25.0,0,0,0.2083,0.1829,0.8229,0.25,4.5,4,0.675,4.2,0.5,0.4762,0.4762,0.0,1.0,0.5,4.9412,42,0.0,0.0234,"thrust_gravity_drag,quantized_rotation,resource_thermodynamics,playable_reality",active,0,
42,lander,42,130.29,70.51,0.0,6.836,97.84,4.94,25.0,0,0,0.2083,0.1815,0.8166,0.25,4.5,4,0.675,4.3,0.5,0.4651,0.4651,0.0,1.0,0.5,5.0588,43,0.0,0.0234,"thrust_gravity_drag,quantized_rotation,resource_thermodynamics,playable_reality",active,0,
43,lander,42,131.1,70.54,0.0,6.817,97.84,4.92,25.0,0,0,0.2083,0.1801,0.8103,0.25,4.5,4,0.675,4.4,0.5,0.4545,0.4545,0.0,1.0,0.5,5.1765,44,0.0,0.0234,"thrust_gravity_drag,quantized_rotation,resource_thermodynamics,playable_reality",active,0,
44,lander,42,131.92,70.55,0.0,6.805,97.84,4.9,25.0,0,0,0.2083,0.1787,0.8042,0.25,4.5,4,0.675,4.5,0.5,0.4444,0.4444,0.0,1.0,0.5,5.2941,45,0.0,0.0234,"thrust_gravity_drag,quantized_rotation,resource_thermodynamics,playable_reality",active,0,
45,lander,42,132.76,70.59,0.0,6.977,97.73,4.92,25.0,0,0,0.2083,0.1894,0.8521,0.25,4.5,4,0.675,4.381,0.5,0.4565,0.4565,0.0,1.0,0.5,5.4118,46,0.0,0.0234,"thrust_gravity_drag,quantized_rotation,resource_thermodynamics,playable_reality",active,0,
46,lander,42,133.61,70.65,0.0,7.155,97.62,4.94,25.0,0,0,0.2083,0.2,0.9001,0.25,4.5,4,0.675,4.2727,0.5,0.4681,0.4681,0.0,1.0,0.5,5.5294,47,0.0,0.0234,"thrust_gravity_drag,quantized_rotation,resource_thermodynamics,playable_reality",active,0,
47,lander,42,134.49,70.74,0.0,7.34,97.52,4.96,25.0,0,0,0.2083,0.2107,0.9483,0.25,4.5,4,0.675,4.1739,0.5,0.4792,0.4792,0.0,1.0,0.5,5.6471,48,0.0,0.0234,"thrust_gravity_drag,quantized_rotation,resource_thermodynamics,playable_reality",active,0,
48,lander,42,135.38,70.85,0.0,7.531,97.41,4.98,25.0,0,0,0.2083,0.2215,0.9965,0.25,4.5,4,0.675,4.0833,0.5,0.4898,0.4898,0.0,1.0,0.5,5.7647,49,0.0,0.0234,"thrust_gravity_drag,quantized_rotation,resource_thermodynamics,playable_reality",active,0,
0,asteroids,42,80.61,67.53,0.0,5.057,99.96,5.01,25.0,0,0,0.2083,0.0084,0.0435,0.2,5.2,5,0.8,0.0,0.0,1.0,0.5,0.0,1.0,0.0,0.1087,1,0.9941,0.0332,"central_gravity_well,toroidal_wrap,quantized_rotation,resource_thermodynamics,playable_reality",active,0,
1,asteroids,42,81.22,67.59,0.0,5.125,99.92,5.01,25.0,0,0,0.2083,0.0054,0.0283,0.2,5.2,5,0.8,7.5,0.5,1.0,0.3333,0.0,1.0,0.5,0.2174,2,0.3555,0.0762,"central_gravity_well,toroidal_wrap,quantized_rotation,resource_thermodynamics,playable_reality",active,0,
2,asteroids,42,81.84,67.67,0.0,5.203,99.87,5.02,25.0,0,0,0.2083,0.0061,0.0318,0.2,5.2,5,0.8,10.0,0.5,1.0,0.25,0.0,1.0,0.5,0.3261,3,0.2832,0.0527,"central_gravity_well,toroidal_wrap,quantized_rotation,resource_thermodynamics,playable_reality",active,0,
3,asteroids,42,82.46,67.79,0.0,5.291,99.83,5.03,25.0,0,0,0.2083,0.0065,0.0339,0.2,5.2,5,0.8,12.5,0.5,1.0,0.2,0.0,1.0,0.5,0.4348,4,0.0,0.0527,"central_gravity_well,toroidal_wrap,quantized_rotation,resource_thermodynamics,playable_reality",active,0,
4,asteroids,42,83.09,67.9,0.0,5.285,99.83,5.01,25.0,0,0,0.2083,0.0068,0.0353,0.2,5.2,5,0.8,15.0,0.5,0.8333,0.1667,0.0,1.0,0.5,0.5435,5,0.0,0.0527,"central_gravity_well,toroidal_wrap,quantized_rotation,resource_thermodynamics,playable_reality",active,0,
5,asteroids,42,83.71,68.01,0.0,5.28,99.83,4.99,25.0,0,0,0.2083,0.007,0.0364,0.2,5.2,5,0.8,17.5,0.5,0.7143,0.1429,0.0,1.0,0.5,0.6522,6,0.0,0.0527,"central_gravity_well,toroidal_wrap,quantized_rotation,resource_thermodynamics,playable_reality",active,0,
6,asteroids,42,84.33,68.12,0.0,5.274,99.83,4.97,25.0,0,0,0.2083,0.0071,0.0371,0.2,5.2,5,0.8,20.0,0.5,0.625,0.125,0.0,1.0,0.5,0.7609,7,0.0,0.0527,"central_gravity_well,toroidal_wrap,quantized_rotation,resource_thermodynamics,playable_reality",active,0,
7,asteroids,42,84.96,68.23,0.0,5.268,99.83,4.95,25.0,0,0,0.2083,0.0073,0.0377,0.2,5.2,5,0.8,22.5,0.5,0.5556,0.1111,0.0,1.0,0.5,0.8696,8,0.0,0.0527,"central_gravity_well,toroidal_wrap,quantized_rotation,resource_thermodynamics,playable_reality",active,0,
8,asteroids,42,85.58,68.33,0.0,5.261,99.83,4.93,25.0,0,0,0.2083,0.0073,0.0382,0.2,5.2,5,0.8,25.0,0.5,0.5,0.1,0.0,1.0,0.5,0.9783,9,0.0,0.0527,"central_gravity_well,toroidal_wrap,quantized_rotation,resource_thermodynamics,playable_reality",active,0,
9,asteroids,42,86.2,68.43,0.0,5.255,99.83,4.9,25.0,0,0,0.2083,0.0074,0.0386,0.2,5.2,5,0.8,27.5,0.5,0.4545,0.0909,0.0,1.0,0.5,1.087,10,0.0,0.0527,"central_gravity_well,toroidal_wrap,quantized_rotation,resource_thermodynamics,playable_reality",active,0,
10,asteroids,42,86.82,68.53,0.0,5.248,99.83,4.88,25.0,0,0,0.2083,0.0075,0.0389,0.2,5.2,5,0.8,30.0,0.5,0.4167,0.0833,0.0,1.0,0.5,1.1957,11,0.0,0.0527,"central_gravity_well,toroidal_wrap,quantized_rotation,resource_thermodynamics,playable_reality",active,0,
11,asteroids,42,87.45,68.66,0.0,5.338,99.79,4.89,25.0,0,0,0.2083,0.0075,0.0392,0.2,5.2,5,0.8,32.5,0.5,0.4615,0.0769,0.0,1.0,0.5,1.3043,12,0.0,0.0527,"central_gravity_well,toroidal_wrap,quantized_rotation,resource_thermodynamics,playable_reality",active,0,
12,asteroids,42,88.08,68.82,0.0,5.438,99.75,4.9,25.0,0,0,0.2083,0.0076,0.0394,0.2,5.2,5,0.8,35.0,0.5,0.5,0.0714,0.0,1.0,0.5,1.413,13,0.0,0.0527,"central_gravity_well,toroidal_wrap,quantized_rotation,resource_thermodynamics,playable_reality",active,0,
13,asteroids,42,88.72,69.01,0.0,5.548,99.71,4.91,25.0,0,0,0.2083,0.0076,0.0396,0.2,5.2,5,0.8,37.5,0.5,0.5333,0.0667,0.0,1.0,0.5,1.5217,14,0.0,0.0527,"central_gravity_well,toroidal_wrap,quantized_rotation,resource_thermodynamics,playable_reality",active,0,
14,asteroids,42,89.36,69.23,0.0,5.666,99.66,4.92,25.0,0,0,0.2083,0.0076,0.0398,0.2,5.2,5,0.8,40.0,0.5,0.5625,0.0625,0.0,1.0,0.5,1.6304,15,0.0,0.0527,"central_gravity_well,toroidal_wrap,quantized_rotation,resource_thermodynamics,playable_reality",active,0,
15,asteroids,42,90.01,69.45,0.0,5.656,99.66,4.9,25.0,0,0,0.2083,0.0077,0.0399,0.2,5.2,5,0.8,42.5,0.5,0.5294,0.0588,0.0,1.0,0.5,1.7391,16,0.0,0.0527,"central_gravity_well,toroidal_wrap,quantized_rotation,resource_thermodynamics,playable_reality",active,0,
16,asteroids,42,90.65,69.66,0.0,5.647,99.66,4.88,25.0,0,0,0.2083,0.0077,0.0401,0.2,5.2,5,0.8,45.0,0.5,0.5,0.0556,0.0,1.0,0.5,1.8478,17,0.0,0.0527,"central_gravity_well,toroidal_wrap,quantized_rotation,resource_thermodynamics,playable_reality",active,0,
17,asteroids,42,91.29,69.87,0.0,5.638,99.66,4.86,25.0,0,0,0.2083,0.0077,0.0402,0.2,5.2,5,0.8,47.5,0.5,0.4737,0.0526,0.0,1.0,0.5,1.9565,18,0.0,0.0527,"central_gravity_well,toroidal_wrap,quantized_rotation,resource_thermodynamics,playable_reality",active,0,
18,asteroids,42,91.93,70.08,0.0,5.629,99.66,4.83,25.0,0,0,0.2083,0.0077,0.0403,0.2,5.2,5,0.8,50.0,0.5,0.45,0.05,0.0,1.0,0.5,2.0652,19,0.0,0.0527,"central_gravity_well,toroidal_wrap,quantized_rotation,resource_thermodynamics,playable_reality",active,0,
19,asteroids,42,92.58,70.29,0.0,5.62,99.66,4.82,25.0,0,0,0.2083,0.0078,0.0404,0.2,5.2,5,0.8,52.5,0.5,0.4286,0.0476,0.0,1.0,0.5,2.1739,20,0.0,0.0527,"central_gravity_well,toroidal_wrap,quantized_rotation,resource_thermodynamics,playable_reality",active,0,
20,asteroids,42,93.22,70.5,0.0,5.611,99.66,4.8,25.0,0,0,0.2083,0.0078,0.0405,0.2,5.2,5,0.8,55.0,0.5,0.4091,0.0455,0.0,1.0,0.5,2.2826,21,0.0,0.0527,"central_gravity_well,toroidal_wrap,quantized_rotation,resource_thermodynamics,playable_reality",active,0,
21,asteroids,42,93.86,70.71,0.0,5.603,99.66,4.78,25.0,0,0,0.2083,0.0078,0.0406,0.2,5.2,5,0.8,57.5,0.5,0.3913,0.0435,0.0,1.0,0.5,2.3913,22,0.0,0.0527,"central_gravity_well,toroidal_wrap,quantized_rotation,resource_thermodynamics,playable_reality",active,0,
22,asteroids,42,94.5,70.95,0.0,5.728,99.62,4.78,25.0,0,0,0.2083,0.0078,0.0407,0.2,5.2,5,0.8,60.0,0.5,0.4167,0.0417,0.0,1.0,0.5,2.5,23,0.0,0.0527,"central_gravity_well,toroidal_wrap,quantized_rotation,resource_thermodynamics,playable_reality",active,0,
23,asteroids,42,95.15,71.22,0.0,5.861,99.58,4.8,25.0,0,0,0.2083,0.0078,0.0407,0.2,5.2,5,0.8,62.5,0.5,0.44,0.04,0.0,1.0,0.5,2.6087,24,0.0,0.0527,"central_gravity_well,toroidal_wrap,quantized_rotation,resource_thermodynamics,playable_reality",active,0,
24,asteroids,42,95.81,71.51,0.0,6.002,99.54,4.8,25.0,0,0,0.2083,0.0157,0.0816,0.2,5.2,5,0.8,32.5,0.5,0.4615,0.0769,0.0,1.0,0.5,2.7174,25,0.0,0.0527,"central_gravity_well,toroidal_wrap,quantized_rotation,resource_thermodynamics,playable_reality",active,0,
25,asteroids,42,96.47,71.84,0.0,6.151,99.5,4.81,25.0,0,0,0.2083,0.0236,0.1225,0.2,5.2,5,0.8,22.5,0.5,0.4815,0.1111,0.0,1.0,0.5,2.8261,26,0.0,0.0527,"central_gravity_well,toroidal_wrap,quantized_rotation,resource_thermodynamics,playable_reality",active,0,
26,asteroids,42,97.13,72.17,0.0,6.143,99.5,4.79,25.0,0,0,0.2083,0.0236,0.1227,0.2,5.2,5,0.8,23.3333,0.5,0.4643,0.1071,0.0,1.0,0.5,2.9348,27,0.0,0.0527,"central_gravity_well,toroidal_wrap,quantized_rotation,resource_thermodynamics,playable_reality",active,0,
27,asteroids,42,97.79,72.49,0.0,6.134,99.5,4.77,25.0,0,0,0.2083,0.0236,0.1229,0.2,5.2,5,0.8,24.1667,0.5,0.4483,0.1034,0.0,1.0,0.5,3.0435,28,0.0,0.0527,"central_gravity_well,toroidal_wrap,quantized_rotation,resource_thermodynamics,playable_reality",active,0,
28,asteroids,42,98.45,72.82,0.0,6.126,99.5,4.75,25.0,0,0,0.2083,0.0237,0.123,0.2,5.2,5,0.8,25.0,0.5,0.4333,0.1,0.0,1.0,0.5,3.1522,29,0.0,0.0527,"central_gravity_well,toroidal_wrap,quantized_rotation,resource_thermodynamics,playable_reality",active,0,
29,asteroids,42,99.11,73.14,0.0,6.119,99.5,4.73,25.0,0,0,0.2083,0.0237,0.1231,0.2,5.2,5,0.8,25.8333,0.5,0.4194,0.0968,0.0,1.0,0.5,3.2609,30,0.0,0.0527,"central_gravity_well,toroidal_wrap,quantized_rotation,resource_thermodynamics,playable_reality",active,0,
30,asteroids,42,99.77,73.46,0.0,6.111,99.5,4.71,25.0,0,0,0.2083,0.0237,0.1233,0.2,5.2,5,0.8,26.6667,0.5,0.4062,0.0938,0.0,1.0,0.5,3.3696,31,0.0,0.0527,"central_gravity_well,toroidal_wrap,quantized_rotation,resource_thermodynamics,playable_reality",active,0,
31,asteroids,42,100.43,73.78,0.0,6.104,99.5,4.7,25.0,0,0,0.2083,0.0237,0.1234,0.2,5.2,5,0.8,27.5,0.5,0.3939,0.0909,0.0,1.0,0.5,3.4783,32,0.0,0.0527,"central_gravity_well,toroidal_wrap,quantized_rotation,resource_thermodynamics,playable_reality",active,0,
32,asteroids,42,101.08,74.11,0.0,6.097,99.5,4.67,25.0,0,0,0.2083,0.0308,0.16,0.2,5.2,5,0.8,21.875,0.5,0.4,0.1143,0.0,1.0,0.5,3.587,33,0.0,0.0527,"central_gravity_well,toroidal_wrap,quantized_rotation,resource_thermodynamics,playable_reality",active,0,
33,asteroids,42,101.74,74.46,0.0,6.21,99.45,4.68,25.0,0,0,0.2083,0.0385,0.2003,0.2,5.2,5,0.8,18.0,0.5,0.4167,0.1389,0.0,1.0,0.5,3.6957,34,0.0,0.0527,"central_gravity_well,toroidal_wrap,quantized_rotation,resource_thermodynamics,playable_reality",active,0,
34,asteroids,42,102.4,74.84,0.0,6.332,99.41,4.69,25.0,0,0,0.2083,0.0463,0.2407,0.2,5.2,5,0.8,15.4167,0.5,0.4324,0.1622,0.0,1.0,0.5,3.8043,35,0.0,0.0527,"central_gravity_well,toroidal_wrap,quantized_rotation,resource_thermodynamics,playable_reality",active,0,
35,asteroids,42,103.05,75.25,0.0,6.463,99.37,4.71,25.0,0,0,0.2083,0.0541,0.2813,0.2,5.2,5,0.8,13.5714,0.5,0.4474,0.1842,0.0,1.0,0.5,3.913,36,0.0,0.0527,"central_gravity_well,toroidal_wrap,quantized_rotation,resource_thermodynamics,playable_reality",active,0,
36,asteroids,42,103.71,75.7,0.0,6.601,99.33,4.72,25.0,0,0,0.2083,0.0619,0.3219,0.2,5.2,5,0.8,12.1875,0.5,0.4615,0.2051,0.0,1.0,0.5,4.0217,37,0.0,0.0527,"central_gravity_well,toroidal_wrap,quantized_rotation,resource_thermodynamics,playable_reality",active,0,
37,asteroids,42,104.36,76.14,0.0,6.594,99.33,4.69,25.0,0,0,0.2083,0.062,0.3224,0.2,5.2,5,0.8,12.5,0.5,0.45,0.2,0.0,1.0,0.5,4.1304,38,0.0,0.0527,"central_gravity_well,toroidal_wrap,quantized_rotation,resource_thermodynamics,playable_reality",active,0,
38,asteroids,42,105.02,76.59,0.0,6.588,99.33,4.67,25.0,0,0,0.2083,0.0621,0.3228,0.2,5.2,5,0.8,12.8125,0.5,0.439,0.1951,0.0,1.0,0.5,4.2391,39,0.0,0.0527,"central_gravity_well,toroidal_wrap,quantized_rotation,resource_thermodynamics,playable_reality",active,0,
39,asteroids,42,105.67,77.03,0.0,6.582,99.33,4.65,25.0,0,0,0.2083,0.0622,0.3232,0.2,5.2,5,0.8,13.125,0.5,0.4286,0.1905,0.0,1.0,0.5,4.3478,40,0.0,0.0527,"central_gravity_well,toroidal_wrap,quantized_rotation,resource_thermodynamics,playable_reality",active,0,
40,asteroids,42,106.32,77.47,0.0,6.577,99.33,4.64,25.0,0,0,0.2083,0.0622,0.3236,0.2,5.2,5,0.8,13.4375,0.5,0.4186,0.186,0.0,1.0,0.5,4.4565,41,0.0,0.0527,"central_gravity_well,toroidal_wrap,quantized_rotation,resource_thermodynamics,playable_reality",active,0,
41,asteroids,42,106.98,77.91,0.0,6.571,99.33,4.62,25.0,0,0,0.2083,0.0623,0.3239,0.2,5.2,5,0.8,13.75,0.5,0.4091,0.1818,0.0,1.0,0.5,4.5652,42,0.0,0.0527,"central_gravity_well,toroidal_wrap,quantized_rotation,resource_thermodynamics,playable_reality",active,0,
42,asteroids,42,107.63,78.36,0.0,6.566,99.33,4.6,25.0,0,0,0.2083,0.0624,0.3243,0.2,5.2,5,0.8,14.0625,0.5,0.4,0.1778,0.0,1.0,0.5,4.6739,43,0.0,0.0527,"central_gravity_well,toroidal_wrap,quantized_rotation,resource_thermodynamics,playable_reality",active,0,
43,asteroids,42,108.28,78.8,0.0,6.561,99.33,4.58,25.0,0,0,0.2083,0.0624,0.3246,0.2,5.2,5,0.8,14.375,0.5,0.3913,0.1739,0.0,1.0,0.5,4.7826,44,0.0,0.0527,"central_gravity_well,toroidal_wrap,quantized_rotation,resource_thermodynamics,playable_reality",active,0,
44,asteroids,42,108.93,79.27,0.0,6.707,99.29,4.59,25.0,0,0,0.2083,0.0703,0.3655,0.2,5.2,5,0.8,13.0556,0.5,0.4043,0.1915,0.0,1.0,0.5,4.8913,45,0.0,0.0527,"central_gravity_well,toroidal_wrap,quantized_rotation,resource_thermodynamics,playable_reality",active,0,
45,asteroids,42,109.59,79.77,0.0,6.86,99.24,4.6,25.0,0,0,0.2083,0.0782,0.4065,0.2,5.2,5,0.8,12.0,0.5,0.4167,0.2083,0.0,1.0,0.5,5.0,46,0.0,0.0527,"central_gravity_well,toroidal_wrap,quantized_rotation,resource_thermodynamics,playable_reality",active,0,
46,asteroids,42,110.24,80.31,0.0,7.02,99.2,4.62,25.0,0,0,0.2083,0.0861,0.4476,0.2,5.2,5,0.8,11.1364,0.5,0.4286,0.2245,0.0,1.0,0.5,5.1087,47,0.0,0.0527,"central_gravity_well,toroidal_wrap,quantized_rotation,resource_thermodynamics,playable_reality",active,0,
47,asteroids,42,110.89,80.87,0.0,7.186,99.16,4.63,25.0,0,0,0.2083,0.094,0.4887,0.2,5.2,5,0.8,10.4167,0.5,0.44,0.24,0.0,1.0,0.5,5.2174,48,0.0,0.0527,"central_gravity_well,toroidal_wrap,quantized_rotation,resource_thermodynamics,playable_reality",active,0,
48,asteroids,42,111.54,81.44,0.0,7.182,99.16,4.6,25.0,0,0,0.2083,0.094,0.4891,0.2,5.2,5,0.8,10.625,0.5,0.4314,0.2353,0.0,1.0,0.5,5.3261,49,0.0,0.0527,"central_gravity_well,toroidal_wrap,quantized_rotation,resource_thermodynamics,playable_reality",active,0,
0,pressure,42,48.24,45.01,0.0,2.011,99.97,5.0,25.13,0,0,0.2094,0.0081,0.0564,0.2,7.0,5,0.62,0.0,0.0,1.0,0.0,0.0,1.0,0.0,0.0909,1,0.9785,0.0176,"thrust_gravity_drag,graph_pressure_diffusion,hysteresis_failure,resource_thermodynamics,playable_reality",active,0,
1,pressure,42,48.48,45.03,0.0,2.026,99.94,4.99,25.26,0,0,0.2105,0.0096,0.0673,0.2,7.0,5,0.62,2.5,0.5,1.0,0.0,0.0,1.0,0.5,0.1818,2,0.2461,0.0078,"thrust_gravity_drag,graph_pressure_diffusion,hysteresis_failure,resource_thermodynamics,playable_reality",active,0,
2,pressure,42,48.73,45.07,0.0,2.045,99.91,4.99,25.39,0,0,0.2116,0.0144,0.1009,0.2,7.0,5,0.62,2.5,0.5,1.0,0.0,0.0,1.0,0.5,0.2727,3,0.0,0.0078,"thrust_gravity_drag,graph_pressure_diffusion,hysteresis_failure,resource_thermodynamics,playable_reality",active,0,
3,pressure,42,48.97,45.11,0.0,2.068,99.88,4.99,25.53,0,0,0.2128,0.0192,0.1346,0.2,7.0,5,0.62,2.5,0.5,1.0,0.0,0.0,1.0,0.5,0.3636,4,0.0,0.0078,"thrust_gravity_drag,graph_pressure_diffusion,hysteresis_failure,resource_thermodynamics,playable_reality",active,0,
4,pressure,42,49.22,45.17,0.0,2.094,99.85,4.99,25.68,0,0,0.214,0.024,0.1682,0.2,7.0,5,0.62,2.5,0.5,1.0,0.0,0.0,1.0,0.5,0.4545,5,0.0,0.0078,"thrust_gravity_drag,graph_pressure_diffusion,hysteresis_failure,resource_thermodynamics,playable_reality",active,0,
5,pressure,42,49.46,45.21,0.0,2.064,99.85,4.96,25.82,0,0,0.2152,0.023,0.161,0.2,7.0,5,0.62,3.0,0.5,0.8333,0.0,0.0,1.0,0.5,0.5455,6,0.0,0.0078,"thrust_gravity_drag,graph_pressure_diffusion,hysteresis_failure,resource_thermodynamics,playable_reality",active,0,
6,pressure,42,49.7,45.26,0.0,2.035,99.85,4.94,25.95,0,0,0.2163,0.0221,0.1544,0.2,7.0,5,0.62,3.5,0.5,0.7143,0.0,0.0,1.0,0.5,0.6364,7,0.0,0.0078,"thrust_gravity_drag,graph_pressure_diffusion,hysteresis_failure,resource_thermodynamics,playable_reality",active,0,
7,pressure,42,49.94,45.29,0.0,2.008,99.85,4.92,26.09,0,0,0.2174,0.0212,0.1483,0.2,7.0,5,0.62,4.0,0.5,0.625,0.0,0.0,1.0,0.5,0.7273,8,0.0,0.0078,"thrust_gravity_drag,graph_pressure_diffusion,hysteresis_failure,resource_thermodynamics,playable_reality",active,0,
8,pressure,42,50.17,45.32,0.0,1.982,99.85,4.9,26.21,0,0,0.2185,0.0204,0.1427,0.2,7.0,5,0.62,4.5,0.5,0.5556,0.0,0.0,1.0,0.5,0.8182,9,0.2539,0.0078,"thrust_gravity_drag,graph_pressure_diffusion,hysteresis_failure,resource_thermodynamics,playable_reality",active,0,
9,pressure,42,50.41,45.35,0.0,1.958,99.85,4.88,26.35,0,0,0.2196,0.0196,0.1375,0.2,7.0,5,0.62,5.0,0.5,0.5,0.0,0.0,1.0,0.5,0.9091,10,0.0,0.0078,"thrust_gravity_drag,graph_pressure_diffusion,hysteresis_failure,resource_thermodynamics,playable_reality",active,0,
10,pressure,42,50.64,45.37,0.0,1.935,99.85,4.86,26.48,0,0,0.2207,0.0196,0.1375,0.2,7.0,5,0.62,5.5,0.5,0.4545,0.0,0.0,1.0,0.5,1.0,11,0.0,0.0078,"thrust_gravity_drag,graph_pressure_diffusion,hysteresis_failure,resource_thermodynamics,playable_reality",active,0,
11,pressure,42,50.87,45.38,0.0,1.913,99.85,4.84,26.61,0,0,0.2218,0.0196,0.1375,0.2,7.0,5,0.62,6.0,0.5,0.4167,0.0,0.0,1.0,0.5,1.0909,12,0.0,0.0078,"thrust_gravity_drag,graph_pressure_diffusion,hysteresis_failure,resource_thermodynamics,playable_reality",active,0,
12,pressure,42,51.09,45.38,0.0,1.893,99.85,4.82,26.74,0,0,0.2228,0.0196,0.1375,0.2,7.0,5,0.62,6.5,0.5,0.3846,0.0,0.0,1.0,0.5,1.1818,13,0.0,0.0078,"thrust_gravity_drag,graph_pressure_diffusion,hysteresis_failure,resource_thermodynamics,playable_reality",active,0,
13,pressure,42,51.32,45.4,0.0,1.907,99.82,4.82,26.88,0,0,0.224,0.0236,0.165,0.2,7.0,5,0.62,5.8333,0.5,0.4286,0.0,0.0,1.0,0.5,1.2727,14,0.0,0.0078,"thrust_gravity_drag,graph_pressure_diffusion,hysteresis_failure,resource_thermodynamics,playable_reality",active,0,
14,pressure,42,51.55,45.43,0.0,1.926,99.79,4.82,27.02,0,0,0.2252,0.0275,0.1925,0.2,7.0,5,0.62,5.3571,0.5,0.4667,0.0,0.0,1.0,0.5,1.3636,15,0.0,0.0078,"thrust_gravity_drag,graph_pressure_diffusion,hysteresis_failure,resource_thermodynamics,playable_reality",active,0,
15,pressure,42,51.78,45.47,0.0,1.949,99.76,4.81,27.15,0,0,0.2263,0.0314,0.22,0.2,7.0,5,0.62,5.0,0.5,0.5,0.0,0.0,1.0,0.5,1.4545,16,0.0,0.0078,"thrust_gravity_drag,graph_pressure_diffusion,hysteresis_failure,resource_thermodynamics,playable_reality",active,0,
16,pressure,42,52.01,45.52,0.0,1.976,99.73,4.81,27.29,0,0,0.2274,0.0361,0.2526,0.2,7.0,5,0.62,4.7222,0.5,0.5294,0.0,0.0,1.0,0.5,1.5455,17,0.0,0.0078,"thrust_gravity_drag,graph_pressure_diffusion,hysteresis_failure,resource_thermodynamics,playable_reality",active,0,
17,pressure,42,52.25,45.58,0.0,2.006,99.7,4.81,27.44,0,0,0.2287,0.0408,0.2854,0.2,7.0,5,0.62,4.5,0.5,0.5556,0.0,0.0,1.0,0.5,1.6364,18,0.0,0.0078,"thrust_gravity_drag,graph_pressure_diffusion,hysteresis_failure,resource_thermodynamics,playable_reality",active,0,
18,pressure,42,52.48,45.63,0.0,1.975,99.7,4.79,27.57,0,0,0.2297,0.04,0.2801,0.2,7.0,5,0.62,4.75,0.5,0.5263,0.0,0.0,1.0,0.5,1.7273,19,0.0,0.0078,"thrust_gravity_drag,graph_pressure_diffusion,hysteresis_failure,resource_thermodynamics,playable_reality",active,0,
19,pressure,42,52.71,45.68,0.0,1.945,99.7,4.77,27.71,0,0,0.2309,0.0393,0.2749,0.2,7.0,5,0.62,5.0,0.5,0.5,0.0,0.0,1.0,0.5,1.8182,20,0.0,0.0078,"thrust_gravity_drag,graph_pressure_diffusion,hysteresis_failure,resource_thermodynamics,playable_reality",active,0,
20,pressure,42,52.93,45.72,0.0,1.917,99.7,4.75,27.85,0,0,0.2321,0.0393,0.2749,0.2,7.0,5,0.62,5.25,0.5,0.4762,0.0,0.0,1.0,0.5,1.9091,21,0.0,0.0078,"thrust_gravity_drag,graph_pressure_diffusion,hysteresis_failure,resource_thermodynamics,playable_reality",active,0,
21,pressure,42,53.16,45.76,0.0,1.891,99.7,4.73,27.99,0,0,0.2332,0.0393,0.2749,0.2,7.0,5,0.62,5.5,0.5,0.4545,0.0,0.0,1.0,0.5,2.0,22,0.0,0.0078,"thrust_gravity_drag,graph_pressure_diffusion,hysteresis_failure,resource_thermodynamics,playable_reality",active,0,
22,pressure,42,53.38,45.79,0.0,1.866,99.7,4.71,28.12,0,0,0.2343,0.0393,0.2749,0.2,7.0,5,0.62,5.75,0.5,0.4348,0.0,0.0,1.0,0.5,2.0909,23,0.0,0.0078,"thrust_gravity_drag,graph_pressure_diffusion,hysteresis_failure,resource_thermodynamics,playable_reality",active,0,
23,pressure,42,53.6,45.81,0.0,1.842,99.7,4.69,28.27,0,0,0.2356,0.0393,0.2749,0.2,7.0,5,0.62,6.0,0.5,0.4167,0.0,0.0,1.0,0.5,2.1818,24,0.0,0.0078,"thrust_gravity_drag,graph_pressure_diffusion,hysteresis_failure,resource_thermodynamics,playable_reality",active,0,
24,pressure,42,53.82,45.83,0.0,1.82,99.7,4.67,28.4,0,0,0.2367,0.0393,0.2749,0.2,7.0,5,0.62,6.25,0.5,0.4,0.0,0.0,1.0,0.5,2.2727,25,0.0,0.0078,"thrust_gravity_drag,graph_pressure_diffusion,hysteresis_failure,resource_thermodynamics,playable_reality",active,0,
25,pressure,42,54.03,45.84,0.0,1.799,99.7,4.65,28.53,0,0,0.2377,0.0393,0.2749,0.2,7.0,5,0.62,6.5,0.5,0.3846,0.0,0.0,1.0,0.5,2.3636,26,0.0,0.0078,"thrust_gravity_drag,graph_pressure_diffusion,hysteresis_failure,resource_thermodynamics,playable_reality",active,0,
26,pressure,42,54.25,45.87,0.0,1.817,99.67,4.65,28.66,0,0,0.2388,0.0432,0.3024,0.2,7.0,5,0.62,6.1364,0.5,0.4074,0.0,0.0,1.0,0.5,2.4545,27,0.0,0.0078,"thrust_gravity_drag,graph_pressure_diffusion,hysteresis_failure,resource_thermodynamics,playable_reality",active,0,
27,pressure,42,54.47,45.9,0.0,1.84,99.64,4.65,28.8,0,0,0.24,0.0471,0.3299,0.2,7.0,5,0.62,5.8333,0.5,0.4286,0.0,0.0,1.0,0.5,2.5455,28,0.0,0.0078,"thrust_gravity_drag,graph_pressure_diffusion,hysteresis_failure,resource_thermodynamics,playable_reality",active,0,
28,pressure,42,54.69,45.94,0.0,1.866,99.61,4.65,28.94,0,0,0.2412,0.0511,0.3574,0.2,7.0,5,0.62,5.5769,0.5,0.4483,0.0,0.0,1.0,0.5,2.6364,29,0.0,0.0078,"thrust_gravity_drag,graph_pressure_diffusion,hysteresis_failure,resource_thermodynamics,playable_reality",active,0,
29,pressure,42,54.91,46.0,0.0,1.896,99.58,4.64,29.09,0,0,0.2424,0.055,0.3849,0.2,7.0,5,0.62,5.3571,0.5,0.4667,0.0,0.0,1.0,0.5,2.7273,30,0.0,0.0078,"thrust_gravity_drag,graph_pressure_diffusion,hysteresis_failure,resource_thermodynamics,playable_reality",active,0,
30,pressure,42,55.13,46.07,0.0,1.93,99.55,4.64,29.23,0,0,0.2436,0.0589,0.4124,0.2,7.0,5,0.62,5.1667,0.5,0.4839,0.0,0.0,1.0,0.5,2.8182,31,0.0,0.0078,"thrust_gravity_drag,graph_pressure_diffusion,hysteresis_failure,resource_thermodynamics,playable_reality",active,0,
31,pressure,42,55.35,46.13,0.0,1.898,99.55,4.62,29.37,0,0,0.2448,0.0589,0.4124,0.2,7.0,5,0.62,5.3333,0.5,0.4688,0.0,0.0,1.0,0.5,2.9091,32,0.0,0.0078,"thrust_gravity_drag,graph_pressure_diffusion,hysteresis_failure,resource_thermodynamics,playable_reality",active,0,
32,pressure,42,55.57,46.18,0.0,1.868,99.55,4.6,29.5,0,0,0.2458,0.0589,0.4124,0.2,7.0,5,0.62,5.5,0.5,0.4545,0.0,0.0,1.0,0.5,3.0,33,0.0,0.0078,"thrust_gravity_drag,graph_pressure_diffusion,hysteresis_failure,resource_thermodynamics,playable_reality",active,0,
33,pressure,42,55.78,46.23,0.0,1.839,99.55,4.58,29.63,0,0,0.2469,0.0589,0.4124,0.2,7.0,5,0.62,5.6667,0.5,0.4412,0.0,0.0,1.0,0.5,3.0909,34,0.0,0.0078,"thrust_gravity_drag,graph_pressure_diffusion,hysteresis_failure,resource_thermodynamics,playable_reality",active,0,
34,pressure,42,56.0,46.27,0.0,1.812,99.55,4.56,29.77,0,0,0.2481,0.0589,0.4124,0.2,7.0,5,0.62,5.8333,0.5,0.4286,0.0,0.0,1.0,0.5,3.1818,35,0.0,0.0078,"thrust_gravity_drag,graph_pressure_diffusion,hysteresis_failure,resource_thermodynamics,playable_reality",active,0,
35,pressure,42,56.21,46.3,0.0,1.786,99.55,4.55,29.92,0,0,0.2493,0.0589,0.4124,0.2,7.0,5,0.62,6.0,0.5,0.4167,0.0,0.0,1.0,0.5,3.2727,36,0.0,0.0078,"thrust_gravity_drag,graph_pressure_diffusion,hysteresis_failure,resource_thermodynamics,playable_reality",active,0,
36,pressure,42,56.42,46.33,0.0,1.762,99.55,4.53,30.06,0,0,0.2505,0.0589,0.4124,0.2,7.0,5,0.62,6.1667,0.5,0.4054,0.0,0.0,1.0,0.5,3.3636,37,0.0,0.0078,"thrust_gravity_drag,graph_pressure_diffusion,hysteresis_failure,resource_thermodynamics,playable_reality",active,0,
37,pressure,42,56.62,46.35,0.0,1.739,99.55,4.51,30.19,0,0,0.2516,0.0589,0.4124,0.2,7.0,5,0.62,6.3333,0.5,0.3947,0.0,0.0,1.0,0.5,3.4545,38,0.0,0.0078,"thrust_gravity_drag,graph_pressure_diffusion,hysteresis_failure,resource_thermodynamics,playable_reality",active,0,
38,pressure,42,56.83,46.37,0.0,1.718,99.55,4.49,30.31,0,0,0.2526,0.0589,0.4124,0.2,7.0,5,0.62,6.5,0.5,0.3846,0.0,0.0,1.0,0.5,3.5455,39,0.0,0.0078,"thrust_gravity_drag,graph_pressure_diffusion,hysteresis_failure,resource_thermodynamics,playable_reality",active,0,
39,pressure,42,57.03,46.4,0.0,1.712,99.52,4.49,30.46,0,0,0.2538,0.0628,0.4399,0.2,7.0,5,0.62,6.25,0.5,0.4,0.0,0.0,1.0,0.5,3.6364,40,0.0,0.0078,"thrust_gravity_drag,graph_pressure_diffusion,hysteresis_failure,resource_thermodynamics,playable_reality",active,0,
40,pressure,42,57.23,46.44,0.0,1.711,99.49,4.49,30.6,0,0,0.255,0.0668,0.4674,0.2,7.0,5,0.62,6.0294,0.5,0.4146,0.0,0.0,1.0,0.5,3.7273,41,0.0,0.0078,"thrust_gravity_drag,graph_pressure_diffusion,hysteresis_failure,resource_thermodynamics,playable_reality",active,0,
41,pressure,42,57.43,46.49,0.0,1.716,99.46,4.49,30.75,0,0,0.2562,0.0707,0.4949,0.2,7.0,5,0.62,5.8333,0.5,0.4286,0.0,0.0,1.0,0.5,3.8182,42,0.0,0.0078,"thrust_gravity_drag,graph_pressure_diffusion,hysteresis_failure,resource_thermodynamics,playable_reality",active,0,
42,pressure,42,57.63,46.55,0.0,1.725,99.43,4.49,30.9,0,0,0.2575,0.0746,0.5224,0.2,7.0,5,0.62,5.6579,0.5,0.4419,0.0,0.0,1.0,0.5,3.9091,43,0.0,0.0078,"thrust_gravity_drag,graph_pressure_diffusion,hysteresis_failure,resource_thermodynamics,playable_reality",active,0,
43,pressure,42,57.83,46.62,0.0,1.739,99.4,4.48,31.04,0,0,0.2587,0.0786,0.5499,0.2,7.0,5,0.62,5.5,0.5,0.4545,0.0,0.0,1.0,0.5,4.0,44,0.0,0.0078,"thrust_gravity_drag,graph_pressure_diffusion,hysteresis_failure,resource_thermodynamics,playable_reality",active,0,
44,pressure,42,58.02,46.69,0.0,1.707,99.4,4.47,31.18,0,0,0.2598,0.0786,0.5499,0.2,7.0,5,0.62,5.625,0.5,0.4444,0.0,0.0,1.0,0.5,4.0909,45,0.0,0.0078,"thrust_gravity_drag,graph_pressure_diffusion,hysteresis_failure,resource_thermodynamics,playable_reality",active,0,
45,pressure,42,58.21,46.75,0.0,1.675,99.4,4.45,31.32,0,0,0.261,0.0786,0.5499,0.2,7.0,5,0.62,5.75,0.5,0.4348,0.0,0.0,1.0,0.5,4.1818,46,0.0,0.0078,"thrust_gravity_drag,graph_pressure_diffusion,hysteresis_failure,resource_thermodynamics,playable_reality",active,0,
46,pressure,42,58.4,46.8,0.0,1.646,99.4,4.43,31.46,0,0,0.2622,0.0786,0.5499,0.2,7.0,5,0.62,5.875,0.5,0.4255,0.0,0.0,1.0,0.5,4.2727,47,0.0,0.0078,"thrust_gravity_drag,graph_pressure_diffusion,hysteresis_failure,resource_thermodynamics,playable_reality",active,0,
47,pressure,42,58.59,46.85,0.0,1.618,99.4,4.41,31.59,0,0,0.2633,0.0786,0.5499,0.2,7.0,5,0.62,6.0,0.5,0.4167,0.0,0.0,1.0,0.5,4.3636,48,0.0,0.0078,"thrust_gravity_drag,graph_pressure_diffusion,hysteresis_failure,resource_thermodynamics,playable_reality",active,0,
48,pressure,42,58.78,46.89,0.0,1.591,99.4,4.39,31.73,0,0,0.2644,0.0786,0.5499,0.2,7.0,5,0.62,6.125,0.5,0.4082,0.0,0.0,1.0,0.5,4.4545,49,0.0,0.0078,"thrust_gravity_drag,graph_pressure_diffusion,hysteresis_failure,resource_thermodynamics,playable_reality",active,0,
0,freescape,42,32.05,16.0,32.04,0.561,99.95,5.01,79.38,0,49.94,0.6615,0.0055,0.0532,0.1429,9.7,7,0.7286,0.0,0.0,1.0,0.0,0.0,1.0,0.0,0.073,1,0.9766,0.0156,"cuboid_collision,zone_gravity_friction,hydraulic_height,graph_pressure_diffusion,hysteresis_failure,resource_thermodynamics,playable_reality",active,2,
1,freescape,42,32.1,16.0,32.09,0.553,99.9,5.02,78.76,0,49.88,0.6563,0.006,0.0583,0.1429,9.7,7,0.7286,3.5,0.5,1.0,0.0,0.0,1.0,0.5,0.146,2,0.2734,0.0117,"cuboid_collision,zone_gravity_friction,hydraulic_height,graph_pressure_diffusion,hysteresis_failure,resource_thermodynamics,playable_reality",active,2,
2,freescape,42,32.14,15.99,32.14,0.553,99.86,5.04,78.15,0,49.82,0.6513,0.009,0.0874,0.1429,9.7,7,0.7286,3.5,0.5,1.0,0.0,0.0,1.0,0.5,0.219,3,0.0,0.0117,"cuboid_collision,zone_gravity_friction,hydraulic_height,graph_pressure_diffusion,hysteresis_failure,resource_thermodynamics,playable_reality",active,2,
3,freescape,42,32.17,15.99,32.18,0.444,99.86,5.02,77.79,0,49.76,0.6483,0.0082,0.0798,0.1429,9.7,7,0.7286,4.6667,0.5,0.75,0.0,0.0,1.0,0.5,0.292,4,0.0,0.0117,"cuboid_collision,zone_gravity_friction,hydraulic_height,graph_pressure_diffusion,hysteresis_failure,resource_thermodynamics,playable_reality",active,2,
4,freescape,42,32.2,15.98,32.22,0.358,99.86,5.01,77.44,0,49.7,0.6453,0.0064,0.0623,0.1143,9.7,7,0.7286,5.8333,0.5,0.6,0.0,0.0,0.8,0.5,0.365,5,0.2207,0.0234,"cuboid_collision,zone_gravity_friction,hydraulic_height,graph_pressure_diffusion,hysteresis_failure,resource_thermodynamics,playable_reality",active,2,
5,freescape,42,32.22,15.97,32.24,0.292,99.86,5.0,77.09,0,49.64,0.6424,0.0058,0.0566,0.119,9.7,7,0.7286,14.0,1.0,0.5,0.0,0.0,0.8333,1.0,0.438,6,0.0,0.0234,"cuboid_collision,zone_gravity_friction,hydraulic_height,graph_pressure_diffusion,hysteresis_failure,resource_thermodynamics,playable_reality",active,2,
6,freescape,42,32.24,15.96,32.27,0.241,99.86,4.99,76.75,0,49.58,0.6396,0.0069,0.0667,0.1224,9.7,7,0.7286,8.1667,0.5,0.4286,0.0,0.0,0.8571,0.5,0.5109,7,0.0,0.0234,"cuboid_collision,zone_gravity_friction,hydraulic_height,graph_pressure_diffusion,hysteresis_failure,resource_thermodynamics,playable_reality",active,2,
7,freescape,42,32.25,15.95,32.3,0.311,99.81,5.0,76.17,0,49.52,0.6347,0.0094,0.0908,0.125,9.7,7,0.7286,7.0,0.5,0.5,0.0,0.0,0.875,0.5,0.5839,8,0.0,0.0234,"cuboid_collision,zone_gravity_friction,hydraulic_height,graph_pressure_diffusion,hysteresis_failure,resource_thermodynamics,playable_reality",active,2,
8,freescape,42,32.27,15.94,32.33,0.371,99.76,5.01,75.6,0,49.46,0.63,0.0119,0.1153,0.127,9.7,7,0.7286,6.3,0.5,0.5556,0.0,0.0,0.8889,0.5,0.6569,9,0.0,0.0234,"cuboid_collision,zone_gravity_friction,hydraulic_height,graph_pressure_diffusion,hysteresis_failure,resource_thermodynamics,playable_reality",active,2,
9,freescape,42,32.29,15.92,32.38,0.42,99.71,5.02,75.03,0,49.4,0.6253,0.0144,0.1401,0.1286,9.7,7,0.7286,5.8333,0.5,0.6,0.0,0.0,0.9,0.5,0.7299,10,0.0,0.0234,"cuboid_collision,zone_gravity_friction,hydraulic_height,graph_pressure_diffusion,hysteresis_failure,resource_thermodynamics,playable_reality",active,2,
10,freescape,42,32.31,15.9,32.41,0.348,99.71,5.01,74.72,0,49.34,0.6226,0.0146,0.1415,0.1299,9.7,7,0.7286,6.4167,0.5,0.5455,0.0,0.0,0.9091,0.5,0.8029,11,0.0,0.0234,"cuboid_collision,zone_gravity_friction,hydraulic_height,graph_pressure_diffusion,hysteresis_failure,resource_thermodynamics,playable_reality",active,2,
11,freescape,42,32.32,15.89,32.44,0.295,99.71,5.0,74.4,0,49.28,0.62,0.0134,0.1297,0.119,9.7,7,0.7286,7.0,0.5,0.5,0.0,0.0,0.8333,0.5,0.8759,12,0.0,0.0234,"cuboid_collision,zone_gravity_friction,hydraulic_height,graph_pressure_diffusion,hysteresis_failure,resource_thermodynamics,playable_reality",active,2,
12,freescape,42,32.33,15.87,32.47,0.259,99.71,4.99,74.1,0,49.22,0.6175,0.0118,0.1149,0.1209,9.7,7,0.7286,15.1667,1.0,0.4615,0.0,0.0,0.8462,1.0,0.9489,13,0.0,0.0234,"cuboid_collision,zone_gravity_friction,hydraulic_height,graph_pressure_diffusion,hysteresis_failure,resource_thermodynamics,playable_reality",active,2,
13,freescape,42,32.33,15.85,32.48,0.235,99.71,4.98,73.79,0,49.16,0.6149,0.0138,0.1334,0.1224,9.7,7,0.7286,8.1667,0.5,0.4286,0.0,0.0,0.8571,0.5,1.0219,14,0.0,0.0234,"cuboid_collision,zone_gravity_friction,hydraulic_height,graph_pressure_diffusion,hysteresis_failure,resource_thermodynamics,playable_reality",active,2,
14,freescape,42,32.34,15.83,32.51,0.309,99.66,4.99,73.25,0,49.1,0.6104,0.0162,0.1574,0.1238,9.7,7,0.7286,7.5,0.5,0.4667,0.0,0.0,0.8667,0.5,1.0949,15,0.0,0.0234,"cuboid_collision,zone_gravity_friction,hydraulic_height,graph_pressure_diffusion,hysteresis_failure,resource_thermodynamics,playable_reality",active,2,
15,freescape,42,32.36,15.8,32.55,0.374,99.62,5.0,72.72,0,49.04,0.606,0.0187,0.1816,0.125,9.7,7,0.7286,7.0,0.5,0.5,0.0,0.0,0.875,0.5,1.1679,16,0.0,0.0234,"cuboid_collision,zone_gravity_friction,hydraulic_height,graph_pressure_diffusion,hysteresis_failure,resource_thermodynamics,playable_reality",active,2,
16,freescape,42,32.37,15.78,32.59,0.429,99.57,5.01,72.19,0,48.98,0.6016,0.0212,0.206,0.1261,9.7,7,0.7286,6.6111,0.5,0.5294,0.0,0.0,0.8824,0.5,1.2409,17,0.0,0.0234,"cuboid_collision,zone_gravity_friction,hydraulic_height,graph_pressure_diffusion,hysteresis_failure,resource_thermodynamics,playable_reality",active,2,
17,freescape,42,32.38,15.75,32.63,0.371,99.57,5.0,71.91,0,48.92,0.5993,0.0201,0.1946,0.119,9.7,7,0.7286,7.0,0.5,0.5,0.0,0.0,0.8333,0.5,1.3139,18,0.0,0.0234,"cuboid_collision,zone_gravity_friction,hydraulic_height,graph_pressure_diffusion,hysteresis_failure,resource_thermodynamics,playable_reality",active,2,
18,freescape,42,32.39,15.73,32.65,0.332,99.57,4.99,71.64,0,48.86,0.597,0.0177,0.1715,0.1203,9.7,7,0.7286,14.7778,1.0,0.4737,0.0,0.0,0.8421,1.0,1.3869,19,0.0,0.0234,"cuboid_collision,zone_gravity_friction,hydraulic_height,graph_pressure_diffusion,hysteresis_failure,resource_thermodynamics,playable_reality",active,2,
19,freescape,42,32.4,15.7,32.68,0.308,99.57,4.98,71.37,0,48.8,0.5947,0.0205,0.1985,0.1214,9.7,7,0.7286,7.7778,0.5,0.45,0.0,0.0,0.85,0.5,1.4599,20,0.0,0.0234,"cuboid_collision,zone_gravity_friction,hydraulic_height,graph_pressure_diffusion,hysteresis_failure,resource_thermodynamics,playable_reality",active,2,
20,freescape,42,32.4,15.67,32.69,0.296,99.57,4.96,71.1,0,48.74,0.5925,0.0195,0.189,0.1156,9.7,7,0.7286,8.1667,0.5,0.4286,0.0,0.0,0.8095,0.5,1.5328,21,0.0,0.0234,"cuboid_collision,zone_gravity_friction,hydraulic_height,graph_pressure_diffusion,hysteresis_failure,resource_thermodynamics,playable_reality",active,2,
21,freescape,42,32.41,15.64,32.72,0.359,99.52,4.98,70.59,0,48.68,0.5883,0.0191,0.1852,0.1169,9.7,7,0.7286,15.4,1.0,0.4545,0.0,0.0,0.8182,1.0,1.6058,22,0.0,0.0234,"cuboid_collision,zone_gravity_friction,hydraulic_height,graph_pressure_diffusion,hysteresis_failure,resource_thermodynamics,playable_reality",active,2,
22,freescape,42,32.42,15.6,32.76,0.419,99.47,4.99,70.09,0,48.62,0.5841,0.0243,0.2357,0.118,9.7,7,0.7286,7.3182,0.5,0.4783,0.0,0.0,0.8261,0.5,1.6788,23,0.0,0.0234,"cuboid_collision,zone_gravity_friction,hydraulic_height,graph_pressure_diffusion,hysteresis_failure,resource_thermodynamics,playable_reality",active,2,
23,freescape,42,32.44,15.57,32.8,0.47,99.42,5.0,69.6,0,48.56,0.58,0.0267,0.2594,0.119,9.7,7,0.7286,7.0,0.5,0.5,0.0,0.0,0.8333,0.5,1.7518,24,0.0,0.0234,"cuboid_collision,zone_gravity_friction,hydraulic_height,graph_pressure_diffusion,hysteresis_failure,resource_thermodynamics,playable_reality",active,2,
24,freescape,42,32.45,15.53,32.83,0.422,99.42,4.99,69.35,0,48.5,0.5779,0.027,0.2615,0.12,9.7,7,0.7286,7.2917,0.5,0.48,0.0,0.0,0.84,0.5,1.8248,25,0.0,0.0234,"cuboid_collision,zone_gravity_friction,hydraulic_height,graph_pressure_diffusion,hysteresis_failure,resource_thermodynamics,playable_reality",active,2,
25,freescape,42,32.46,15.49,32.86,0.392,99.42,4.98,69.11,0,48.44,0.5759,0.0272,0.2634,0.1209,9.7,7,0.7286,7.5833,0.5,0.4615,0.0,0.0,0.8462,0.5,1.8978,26,0.0,0.0234,"cuboid_collision,zone_gravity_friction,hydraulic_height,graph_pressure_diffusion,hysteresis_failure,resource_thermodynamics,playable_reality",active,2,
26,freescape,42,32.46,15.46,32.88,0.376,99.42,4.96,68.87,0,48.38,0.5739,0.0273,0.2652,0.1217,9.7,7,0.7286,7.875,0.5,0.4444,0.0,0.0,0.8519,0.5,1.9708,27,0.0,0.0234,"cuboid_collision,zone_gravity_friction,hydraulic_height,graph_pressure_diffusion,hysteresis_failure,resource_thermodynamics,playable_reality",active,2,
27,freescape,42,32.47,15.42,32.9,0.369,99.42,4.95,68.63,0,48.32,0.5719,0.0275,0.2668,0.1224,9.7,7,0.7286,8.1667,0.5,0.4286,0.0,0.0,0.8571,0.5,2.0438,28,0.0,0.0234,"cuboid_collision,zone_gravity_friction,hydraulic_height,graph_pressure_diffusion,hysteresis_failure,resource_thermodynamics,playable_reality",active,2,
28,freescape,42,32.48,15.37,32.93,0.422,99.38,4.96,68.15,0,48.26,0.5679,0.0288,0.2791,0.1182,9.7,7,0.7286,7.8077,0.5,0.4483,0.0,0.0,0.8276,0.5,2.1168,29,0.0,0.0234,"cuboid_collision,zone_gravity_friction,hydraulic_height,graph_pressure_diffusion,hysteresis_failure,resource_thermodynamics,playable_reality",active,2,
29,freescape,42,32.5,15.33,32.96,0.476,99.33,4.98,67.68,0,48.2,0.564,0.0272,0.264,0.119,9.7,7,0.7286,15.0,1.0,0.4667,0.0,0.0,0.8333,1.0,2.1898,30,0.0,0.0234,"cuboid_collision,zone_gravity_friction,hydraulic_height,graph_pressure_diffusion,hysteresis_failure,resource_thermodynamics,playable_reality",active,2,
30,freescape,42,32.52,15.29,33.0,0.523,99.28,4.99,67.22,0,48.14,0.5602,0.0324,0.3138,0.1152,9.7,7,0.7286,7.2333,0.5,0.4839,0.0,0.0,0.8065,0.5,2.2628,31,0.0,0.0234,"cuboid_collision,zone_gravity_friction,hydraulic_height,graph_pressure_diffusion,hysteresis_failure,resource_thermodynamics,playable_reality",active,2,
31,freescape,42,32.54,15.24,33.03,0.484,99.28,4.98,67.0,0,48.08,0.5583,0.0284,0.2758,0.1161,9.7,7,0.7286,14.9333,1.0,0.4688,0.0,0.0,0.8125,1.0,2.3358,32,0.0,0.0234,"cuboid_collision,zone_gravity_friction,hydraulic_height,graph_pressure_diffusion,hysteresis_failure,resource_thermodynamics,playable_reality",active,2,
32,freescape,42,32.55,15.19,33.05,0.461,99.28,4.96,66.78,0,48.02,0.5565,0.0328,0.3184,0.1169,9.7,7,0.7286,7.7,0.5,0.4545,0.0,0.0,0.8182,0.5,2.4088,33,0.0,0.0234,"cuboid_collision,zone_gravity_friction,hydraulic_height,graph_pressure_diffusion,hysteresis_failure,resource_thermodynamics,playable_reality",active,2,
33,freescape,42,32.57,15.14,33.07,0.449,99.28,4.95,66.57,0,47.96,0.5547,0.033,0.3205,0.1176,9.7,7,0.7286,7.9333,0.5,0.4412,0.0,0.0,0.8235,0.5,2.4818,34,0.0,0.0234,"cuboid_collision,zone_gravity_friction,hydraulic_height,graph_pressure_diffusion,hysteresis_failure,resource_thermodynamics,playable_reality",active,2,
34,freescape,42,32.57,15.09,33.09,0.446,99.28,4.94,66.36,0,47.9,0.553,0.0321,0.3113,0.1143,9.7,7,0.7286,8.1667,0.5,0.4286,0.0,0.0,0.8,0.5,2.5547,35,0.0,0.0234,"cuboid_collision,zone_gravity_friction,hydraulic_height,graph_pressure_diffusion,hysteresis_failure,resource_thermodynamics,playable_reality",active,2,
35,freescape,42,32.59,15.04,33.11,0.494,99.23,4.95,65.91,0,47.84,0.5492,0.0301,0.2917,0.1151,9.7,7,0.7286,15.75,1.0,0.4444,0.0,0.0,0.8056,1.0,2.6277,36,0.0,0.0234,"cuboid_collision,zone_gravity_friction,hydraulic_height,graph_pressure_diffusion,hysteresis_failure,resource_thermodynamics,playable_reality",active,2,
36,freescape,42,32.61,14.99,33.14,0.543,99.18,4.96,65.47,0,47.78,0.5455,0.0356,0.3457,0.112,9.7,7,0.7286,7.6176,0.5,0.4595,0.0,0.0,0.7838,0.5,2.7007,37,0.0,0.0234,"cuboid_collision,zone_gravity_friction,hydraulic_height,graph_pressure_diffusion,hysteresis_failure,resource_thermodynamics,playable_reality",active,2,
37,freescape,42,32.63,14.93,33.18,0.587,99.14,4.98,65.03,0,47.72,0.5419,0.0332,0.3216,0.1128,9.7,7,0.7286,14.7778,1.0,0.4737,0.0,0.0,0.7895,1.0,2.7737,38,0.0,0.0234,"cuboid_collision,zone_gravity_friction,hydraulic_height,graph_pressure_diffusion,hysteresis_failure,resource_thermodynamics,playable_reality",active,2,
38,freescape,42,32.65,14.88,33.21,0.554,99.14,4.97,64.83,0,47.66,0.5403,0.0383,0.3712,0.1136,9.7,7,0.7286,7.5833,0.5,0.4615,0.0,0.0,0.7949,0.5,2.8467,39,0.0,0.0234,"cuboid_collision,zone_gravity_friction,hydraulic_height,graph_pressure_diffusion,hysteresis_failure,resource_thermodynamics,playable_reality",active,2,
39,freescape,42,32.67,14.82,33.23,0.535,99.14,4.95,64.64,0,47.6,0.5387,0.0385,0.3736,0.1143,9.7,7,0.7286,7.7778,0.5,0.45,0.0,0.0,0.8,0.5,2.9197,40,0.0,0.0234,"cuboid_collision,zone_gravity_friction,hydraulic_height,graph_pressure_diffusion,hysteresis_failure,resource_thermodynamics,playable_reality",active,2,
40,freescape,42,32.68,14.76,33.25,0.527,99.14,4.94,64.45,0,47.54,0.5371,0.0387,0.3758,0.115,9.7,7,0.7286,7.9722,0.5,0.439,0.0,0.0,0.8049,0.5,2.9927,41,0.0,0.0234,"cuboid_collision,zone_gravity_friction,hydraulic_height,graph_pressure_diffusion,hysteresis_failure,resource_thermodynamics,playable_reality",active,2,
41,freescape,42,32.69,14.7,33.27,0.526,99.14,4.93,64.26,0,47.48,0.5355,0.039,0.378,0.1156,9.7,7,0.7286,8.1667,0.5,0.4286,0.0,0.0,0.8095,0.5,3.0657,42,0.0,0.0234,"cuboid_collision,zone_gravity_friction,hydraulic_height,graph_pressure_diffusion,hysteresis_failure,resource_thermodynamics,playable_reality",active,2,
42,freescape,42,32.71,14.64,33.29,0.57,99.09,4.94,63.84,0,47.42,0.532,0.0414,0.4012,0.1163,9.7,7,0.7286,7.9211,0.5,0.4419,0.0,0.0,0.814,0.5,3.1387,43,0.0,0.0234,"cuboid_collision,zone_gravity_friction,hydraulic_height,graph_pressure_diffusion,hysteresis_failure,resource_thermodynamics,playable_reality",active,2,
43,freescape,42,32.73,14.57,33.32,0.614,99.04,4.95,63.42,0,47.36,0.5285,0.0425,0.4127,0.1136,9.7,7,0.7286,7.7,0.5,0.4545,0.0,0.0,0.7955,0.5,3.2117,44,0.0,0.0234,"cuboid_collision,zone_gravity_friction,hydraulic_height,graph_pressure_diffusion,hysteresis_failure,resource_thermodynamics,playable_reality",active,2,
44,freescape,42,32.75,14.51,33.36,0.655,98.99,4.97,63.0,0,47.3,0.525,0.0392,0.3802,0.1143,9.7,7,0.7286,15.0,1.0,0.4667,0.0,0.0,0.8,1.0,3.2847,45,0.0,0.0234,"cuboid_collision,zone_gravity_friction,hydraulic_height,graph_pressure_diffusion,hysteresis_failure,resource_thermodynamics,playable_reality",active,2,
45,freescape,42,32.77,14.44,33.39,0.626,98.99,4.95,62.83,0,47.24,0.5236,0.0452,0.4382,0.1149,9.7,7,0.7286,7.6667,0.5,0.4565,0.0,0.0,0.8043,0.5,3.3577,46,0.0,0.0234,"cuboid_collision,zone_gravity_friction,hydraulic_height,graph_pressure_diffusion,hysteresis_failure,resource_thermodynamics,playable_reality",active,2,
46,freescape,42,32.79,14.38,33.41,0.612,98.99,4.94,62.66,0,47.18,0.5221,0.0442,0.4289,0.1125,9.7,7,0.7286,7.8333,0.5,0.4468,0.0,0.0,0.7872,0.5,3.4307,47,0.0,0.0234,"cuboid_collision,zone_gravity_friction,hydraulic_height,graph_pressure_diffusion,hysteresis_failure,resource_thermodynamics,playable_reality",active,2,
47,freescape,42,32.8,14.31,33.43,0.606,98.99,4.93,62.49,0,47.12,0.5207,0.0388,0.3762,0.1131,9.7,7,0.7286,16.0,1.0,0.4375,0.0,0.0,0.7917,1.0,3.5036,48,0.0,0.0234,"cuboid_collision,zone_gravity_friction,hydraulic_height,graph_pressure_diffusion,hysteresis_failure,resource_thermodynamics,playable_reality",active,2,
48,freescape,42,32.81,14.24,33.45,0.607,98.99,4.92,62.32,0,47.06,0.5193,0.0447,0.4336,0.1137,9.7,7,0.7286,8.1667,0.5,0.4286,0.0,0.0,0.7959,0.5,3.5766,49,0.0,0.0234,"cuboid_collision,zone_gravity_friction,hydraulic_height,graph_pressure_diffusion,hysteresis_failure,resource_thermodynamics,playable_reality",active,2,
0,colony,42,0.0,0.0,0.0,0.0,99.99,5.0,25.0,99.94,0,0.2083,0.0131,0.0783,0.1667,6.0,6,0.7833,0.0,0.0,1.0,1.0,0.0035,1.0,0.0,0.1,1,0.9551,0.0566,"cell_occupancy,quantized_rotation,toroidal_surface,power_suit_energy,resource_thermodynamics,playable_reality",active,0,"(13,12)"
1,colony,42,0.0,0.0,0.0,0.0,99.98,5.0,25.0,99.88,0,0.2083,0.0075,0.0448,0.0833,6.0,6,0.7833,3.0,0.5,1.0,1.0,0.0035,0.5,0.5,0.2,2,0.2891,0.041,"cell_occupancy,quantized_rotation,toroidal_surface,power_suit_energy,resource_thermodynamics,playable_reality",active,0,"(13,12)"
2,colony,42,0.0,0.0,0.0,0.0,99.96,5.0,25.0,99.82,0,0.2083,0.0131,0.0783,0.0556,6.0,6,0.7833,0.0,0.0,1.0,1.0,0.0035,0.3333,0.0,0.3,3,0.2891,0.0566,"cell_occupancy,quantized_rotation,toroidal_surface,power_suit_energy,resource_thermodynamics,playable_reality",active,0,"(13,12)"
3,colony,42,0.0,0.0,0.0,0.0,99.95,5.0,25.0,99.76,0,0.2083,0.0131,0.0783,0.0417,6.0,6,0.7833,0.0,0.0,1.0,1.0,0.0035,0.25,0.0,0.4,3,0.0,0.0566,"cell_occupancy,quantized_rotation,toroidal_surface,power_suit_energy,resource_thermodynamics,playable_reality",active,0,"(13,12)"
4,colony,42,0.0,0.0,0.0,0.0,99.94,5.0,25.0,99.7,0,0.2083,0.0131,0.0783,0.0333,6.0,6,0.7833,0.0,0.0,1.0,1.0,0.0035,0.2,0.0,0.5,3,0.0,0.0566,"cell_occupancy,quantized_rotation,toroidal_surface,power_suit_energy,resource_thermodynamics,playable_reality",active,0,"(13,12)"
5,colony,42,0.0,0.0,0.0,0.0,99.93,5.0,25.0,99.64,0,0.2083,0.0131,0.0783,0.0278,6.0,6,0.7833,0.0,0.0,1.0,1.0,0.0035,0.1667,0.0,0.6,3,0.0,0.0566,"cell_occupancy,quantized_rotation,toroidal_surface,power_suit_energy,resource_thermodynamics,playable_reality",active,0,"(13,12)"
6,colony,42,0.0,0.0,0.0,0.0,99.92,5.0,25.0,99.58,0,0.2083,0.0065,0.0392,0.0238,6.0,6,0.7833,0.0,0.0,0.5,0.5,0.0035,0.1429,0.0,0.7,4,0.2578,0.0449,"cell_occupancy,quantized_rotation,toroidal_surface,power_suit_energy,resource_thermodynamics,playable_reality",active,0,"(13,12)"
7,colony,42,0.0,0.0,0.0,0.0,99.9,5.0,25.0,99.52,0,0.2083,0.0065,0.0392,0.0208,6.0,6,0.7833,0.0,0.0,0.5,0.5,0.0035,0.125,0.0,0.8,4,0.0,0.0449,"cell_occupancy,quantized_rotation,toroidal_surface,power_suit_energy,resource_thermodynamics,playable_reality",active,0,"(13,12)"
8,colony,42,0.0,0.0,0.0,0.0,99.89,5.0,25.0,99.46,0,0.2083,0.0065,0.0392,0.0185,6.0,6,0.7833,0.0,0.0,0.5,0.5,0.0035,0.1111,0.0,0.9,4,0.0,0.0449,"cell_occupancy,quantized_rotation,toroidal_surface,power_suit_energy,resource_thermodynamics,playable_reality",active,0,"(13,12)"
9,colony,42,0.0,0.0,0.0,0.0,99.88,5.0,25.0,99.4,0,0.2083,0.0065,0.0392,0.0167,6.0,6,0.7833,0.0,0.0,0.5,0.5,0.0035,0.1,0.0,1.0,4,0.0,0.0449,"cell_occupancy,quantized_rotation,toroidal_surface,power_suit_energy,resource_thermodynamics,playable_reality",active,0,"(13,12)"
10,colony,42,0.0,0.0,0.0,0.0,99.87,5.0,25.0,99.34,0,0.2083,0.0065,0.0392,0.0152,6.0,6,0.7833,0.0,0.0,0.5,0.5,0.0035,0.0909,0.0,1.1,4,0.0,0.0449,"cell_occupancy,quantized_rotation,toroidal_surface,power_suit_energy,resource_thermodynamics,playable_reality",active,0,"(13,12)"
11,colony,42,0.0,0.0,0.0,0.0,99.86,5.0,25.0,99.28,0,0.2083,0.0065,0.0392,0.0139,6.0,6,0.7833,0.0,0.0,0.5,0.5,0.0035,0.0833,0.0,1.2,4,0.0,0.0449,"cell_occupancy,quantized_rotation,toroidal_surface,power_suit_energy,resource_thermodynamics,playable_reality",active,0,"(13,12)"
12,colony,42,0.0,0.0,0.0,0.0,99.84,5.0,25.0,99.22,0,0.2083,0.0044,0.0261,0.0128,6.0,6,0.7833,0.0,0.0,0.3333,0.3333,0.0035,0.0769,0.0,1.3,4,0.0,0.0449,"cell_occupancy,quantized_rotation,toroidal_surface,power_suit_energy,resource_thermodynamics,playable_reality",active,0,"(13,12)"
13,colony,42,0.0,0.0,0.0,0.0,99.83,5.0,25.0,99.16,0,0.2083,0.0044,0.0261,0.0119,6.0,6,0.7833,0.0,0.0,0.3333,0.3333,0.0035,0.0714,0.0,1.4,4,0.0,0.0449,"cell_occupancy,quantized_rotation,toroidal_surface,power_suit_energy,resource_thermodynamics,playable_reality",active,0,"(13,12)"
14,colony,42,0.0,0.0,0.0,0.0,99.82,5.0,25.0,99.1,0,0.2083,0.0044,0.0261,0.0111,6.0,6,0.7833,0.0,0.0,0.3333,0.3333,0.0035,0.0667,0.0,1.5,4,0.0,0.0449,"cell_occupancy,quantized_rotation,toroidal_surface,power_suit_energy,resource_thermodynamics,playable_reality",active,0,"(13,12)"
15,colony,42,0.0,0.0,0.0,0.0,99.81,5.0,25.0,99.04,0,0.2083,0.0044,0.0261,0.0104,6.0,6,0.7833,0.0,0.0,0.3333,0.3333,0.0035,0.0625,0.0,1.6,4,0.0,0.0449,"cell_occupancy,quantized_rotation,toroidal_surface,power_suit_energy,resource_thermodynamics,playable_reality",active,0,"(13,12)"
16,colony,42,0.0,0.0,0.0,0.0,99.8,5.0,25.0,98.98,0,0.2083,0.0044,0.0261,0.0098,6.0,6,0.7833,0.0,0.0,0.3333,0.3333,0.0035,0.0588,0.0,1.7,4,0.0,0.0449,"cell_occupancy,quantized_rotation,toroidal_surface,power_suit_energy,resource_thermodynamics,playable_reality",active,0,"(13,12)"
17,colony,42,0.0,0.0,0.0,0.0,99.78,5.0,25.0,98.93,0,0.2083,0.0044,0.0261,0.0093,6.0,6,0.7833,0.0,0.0,0.3333,0.3333,0.0035,0.0556,0.0,1.8,4,0.0,0.0449,"cell_occupancy,quantized_rotation,toroidal_surface,power_suit_energy,resource_thermodynamics,playable_reality",active,0,"(13,12)"
18,colony,42,0.0,0.0,0.0,0.0,99.77,5.0,25.0,98.87,0,0.2083,0.0033,0.0196,0.0088,6.0,6,0.7833,0.0,0.0,0.25,0.25,0.0035,0.0526,0.0,1.9,5,0.2539,0.041,"cell_occupancy,quantized_rotation,toroidal_surface,power_suit_energy,resource_thermodynamics,playable_reality",active,0,"(13,12)"
19,colony,42,0.0,0.0,0.0,0.0,99.76,5.0,25.0,98.81,0,0.2083,0.0033,0.0196,0.0083,6.0,6,0.7833,0.0,0.0,0.25,0.25,0.0035,0.05,0.0,2.0,5,0.0,0.041,"cell_occupancy,quantized_rotation,toroidal_surface,power_suit_energy,resource_thermodynamics,playable_reality",active,0,"(13,12)"
20,colony,42,0.0,0.0,0.0,0.0,99.75,5.0,25.0,98.75,0,0.2083,0.0033,0.0196,0.0079,6.0,6,0.7833,0.0,0.0,0.25,0.25,0.0035,0.0476,0.0,2.1,5,0.0,0.041,"cell_occupancy,quantized_rotation,toroidal_surface,power_suit_energy,resource_thermodynamics,playable_reality",active,0,"(13,12)"
21,colony,42,0.0,0.0,0.0,0.0,99.74,5.0,25.0,98.69,0,0.2083,0.0033,0.0196,0.0076,6.0,6,0.7833,0.0,0.0,0.25,0.25,0.0035,0.0455,0.0,2.2,5,0.0,0.041,"cell_occupancy,quantized_rotation,toroidal_surface,power_suit_energy,resource_thermodynamics,playable_reality",active,0,"(13,12)"
22,colony,42,0.0,0.0,0.0,0.0,99.72,5.0,25.0,98.63,0,0.2083,0.0033,0.0196,0.0072,6.0,6,0.7833,0.0,0.0,0.25,0.25,0.0035,0.0435,0.0,2.3,5,0.0,0.041,"cell_occupancy,quantized_rotation,toroidal_surface,power_suit_energy,resource_thermodynamics,playable_reality",active,0,"(13,12)"
23,colony,42,0.0,0.0,0.0,0.0,99.71,5.0,25.0,98.57,0,0.2083,0.0033,0.0196,0.0069,6.0,6,0.7833,0.0,0.0,0.25,0.25,0.0035,0.0417,0.0,2.4,5,0.0,0.041,"cell_occupancy,quantized_rotation,toroidal_surface,power_suit_energy,resource_thermodynamics,playable_reality",active,0,"(13,12)"
24,colony,42,0.0,0.0,0.0,0.0,99.7,5.0,25.0,98.51,0,0.2083,0.0026,0.0157,0.0067,6.0,6,0.7833,0.0,0.0,0.2,0.2,0.0035,0.04,0.0,2.5,5,0.0,0.041,"cell_occupancy,quantized_rotation,toroidal_surface,power_suit_energy,resource_thermodynamics,playable_reality",active,0,"(13,12)"
25,colony,42,0.0,0.0,0.0,0.0,99.69,5.0,25.0,98.45,0,0.2083,0.0026,0.0157,0.0064,6.0,6,0.7833,0.0,0.0,0.2,0.2,0.0035,0.0385,0.0,2.6,5,0.0,0.041,"cell_occupancy,quantized_rotation,toroidal_surface,power_suit_energy,resource_thermodynamics,playable_reality",active,0,"(13,12)"
26,colony,42,0.0,0.0,0.0,0.0,99.68,5.0,25.0,98.39,0,0.2083,0.0026,0.0157,0.0062,6.0,6,0.7833,0.0,0.0,0.2,0.2,0.0035,0.037,0.0,2.7,5,0.0,0.041,"cell_occupancy,quantized_rotation,toroidal_surface,power_suit_energy,resource_thermodynamics,playable_reality",active,0,"(13,12)"
27,colony,42,0.0,0.0,0.0,0.0,99.66,5.0,25.0,98.33,0,0.2083,0.0026,0.0157,0.006,6.0,6,0.7833,0.0,0.0,0.2,0.2,0.0035,0.0357,0.0,2.8,5,0.0,0.041,"cell_occupancy,quantized_rotation,toroidal_surface,power_suit_energy,resource_thermodynamics,playable_reality",active,0,"(13,12)"
28,colony,42,0.0,0.0,0.0,0.0,99.65,5.0,25.0,98.27,0,0.2083,0.0026,0.0157,0.0057,6.0,6,0.7833,0.0,0.0,0.2,0.2,0.0035,0.0345,0.0,2.9,5,0.0,0.041,"cell_occupancy,quantized_rotation,toroidal_surface,power_suit_energy,resource_thermodynamics,playable_reality",active,0,"(13,12)"
29,colony,42,0.0,0.0,0.0,0.0,99.64,5.0,25.0,98.22,0,0.2083,0.0026,0.0157,0.0056,6.0,6,0.7833,0.0,0.0,0.2,0.2,0.0035,0.0333,0.0,3.0,5,0.0,0.041,"cell_occupancy,quantized_rotation,toroidal_surface,power_suit_energy,resource_thermodynamics,playable_reality",active,0,"(13,12)"
30,colony,42,0.0,0.0,0.0,0.0,99.63,5.0,25.0,98.16,0,0.2083,0.0037,0.0222,0.0108,6.0,6,0.7833,18.0,1.0,0.3333,0.3333,0.0052,0.0645,1.0,3.1,6,0.2637,0.0137,"cell_occupancy,quantized_rotation,toroidal_surface,power_suit_energy,resource_thermodynamics,playable_reality",active,0,"(13,13)"
31,colony,42,0.0,0.0,0.0,0.0,99.62,5.0,25.0,98.1,0,0.2083,0.0042,0.0255,0.0104,6.0,6,0.7833,9.0,0.5,0.3333,0.3333,0.0052,0.0625,0.5,3.2,7,0.0,0.0137,"cell_occupancy,quantized_rotation,toroidal_surface,power_suit_energy,resource_thermodynamics,playable_reality",active,0,"(13,13)"
32,colony,42,0.0,0.0,0.0,0.0,99.6,5.0,25.0,98.04,0,0.2083,0.0087,0.0522,0.0101,6.0,6,0.7833,0.0,0.0,0.3333,0.3333,0.0052,0.0606,0.0,3.3,8,0.2598,0.0449,"cell_occupancy,quantized_rotation,toroidal_surface,power_suit_energy,resource_thermodynamics,playable_reality",active,0,"(13,13)"
33,colony,42,0.0,0.0,0.0,0.0,99.59,5.0,25.0,97.98,0,0.2083,0.0087,0.0522,0.0098,6.0,6,0.7833,0.0,0.0,0.3333,0.3333,0.0052,0.0588,0.0,3.4,8,0.0,0.0449,"cell_occupancy,quantized_rotation,toroidal_surface,power_suit_energy,resource_thermodynamics,playable_reality",active,0,"(13,13)"
34,colony,42,0.0,0.0,0.0,0.0,99.58,5.0,25.0,97.92,0,0.2083,0.0087,0.0522,0.0095,6.0,6,0.7833,0.0,0.0,0.3333,0.3333,0.0052,0.0571,0.0,3.5,8,0.0,0.0449,"cell_occupancy,quantized_rotation,toroidal_surface,power_suit_energy,resource_thermodynamics,playable_reality",active,0,"(13,13)"
35,colony,42,0.0,0.0,0.0,0.0,99.57,5.0,25.0,97.86,0,0.2083,0.0087,0.0522,0.0093,6.0,6,0.7833,0.0,0.0,0.3333,0.3333,0.0052,0.0556,0.0,3.6,8,0.0,0.0449,"cell_occupancy,quantized_rotation,toroidal_surface,power_suit_energy,resource_thermodynamics,playable_reality",active,0,"(13,13)"
36,colony,42,0.0,0.0,0.0,0.0,99.56,5.0,25.0,97.8,0,0.2083,0.0075,0.0448,0.009,6.0,6,0.7833,0.0,0.0,0.2857,0.2857,0.0052,0.0541,0.0,3.7,9,0.2539,0.041,"cell_occupancy,quantized_rotation,toroidal_surface,power_suit_energy,resource_thermodynamics,playable_reality",active,0,"(13,13)"
37,colony,42,0.0,0.0,0.0,0.0,99.54,5.0,25.0,97.75,0,0.2083,0.0075,0.0448,0.0088,6.0,6,0.7833,0.0,0.0,0.2857,0.2857,0.0052,0.0526,0.0,3.8,9,0.0,0.041,"cell_occupancy,quantized_rotation,toroidal_surface,power_suit_energy,resource_thermodynamics,playable_reality",active,0,"(13,13)"
38,colony,42,0.0,0.0,0.0,0.0,99.53,5.0,25.0,97.69,0,0.2083,0.0075,0.0448,0.0085,6.0,6,0.7833,0.0,0.0,0.2857,0.2857,0.0052,0.0513,0.0,3.9,9,0.0,0.041,"cell_occupancy,quantized_rotation,toroidal_surface,power_suit_energy,resource_thermodynamics,playable_reality",active,0,"(13,13)"
39,colony,42,0.0,0.0,0.0,0.0,99.52,5.0,25.0,97.63,0,0.2083,0.0075,0.0448,0.0083,6.0,6,0.7833,0.0,0.0,0.2857,0.2857,0.0052,0.05,0.0,4.0,9,0.0,0.041,"cell_occupancy,quantized_rotation,toroidal_surface,power_suit_energy,resource_thermodynamics,playable_reality",active,0,"(13,13)"
40,colony,42,0.0,0.0,0.0,0.0,99.51,5.0,25.0,97.57,0,0.2083,0.0075,0.0448,0.0081,6.0,6,0.7833,0.0,0.0,0.2857,0.2857,0.0052,0.0488,0.0,4.1,9,0.0,0.041,"cell_occupancy,quantized_rotation,toroidal_surface,power_suit_energy,resource_thermodynamics,playable_reality",active,0,"(13,13)"
41,colony,42,0.0,0.0,0.0,0.0,99.5,5.0,25.0,97.51,0,0.2083,0.0075,0.0448,0.0079,6.0,6,0.7833,0.0,0.0,0.2857,0.2857,0.0052,0.0476,0.0,4.2,9,0.0,0.041,"cell_occupancy,quantized_rotation,toroidal_surface,power_suit_energy,resource_thermodynamics,playable_reality",active,0,"(13,13)"
42,colony,42,0.0,0.0,0.0,0.0,99.48,5.0,25.0,97.45,0,0.2083,0.0065,0.0392,0.0078,6.0,6,0.7833,0.0,0.0,0.25,0.25,0.0052,0.0465,0.0,4.3,9,0.0,0.041,"cell_occupancy,quantized_rotation,toroidal_surface,power_suit_energy,resource_thermodynamics,playable_reality",active,0,"(13,13)"
43,colony,42,0.0,0.0,0.0,0.0,99.47,5.0,25.0,97.39,0,0.2083,0.0065,0.0392,0.0076,6.0,6,0.7833,0.0,0.0,0.25,0.25,0.0052,0.0455,0.0,4.4,9,0.0,0.041,"cell_occupancy,quantized_rotation,toroidal_surface,power_suit_energy,resource_thermodynamics,playable_reality",active,0,"(13,13)"
44,colony,42,0.0,0.0,0.0,0.0,99.46,5.0,25.0,97.34,0,0.2083,0.0065,0.0392,0.0074,6.0,6,0.7833,0.0,0.0,0.25,0.25,0.0052,0.0444,0.0,4.5,9,0.0,0.041,"cell_occupancy,quantized_rotation,toroidal_surface,power_suit_energy,resource_thermodynamics,playable_reality",active,0,"(13,13)"
45,colony,42,0.0,0.0,0.0,0.0,99.45,5.0,25.0,97.28,0,0.2083,0.0065,0.0392,0.0072,6.0,6,0.7833,0.0,0.0,0.25,0.25,0.0052,0.0435,0.0,4.6,9,0.0,0.041,"cell_occupancy,quantized_rotation,toroidal_surface,power_suit_energy,resource_thermodynamics,playable_reality",active,0,"(13,13)"
46,colony,42,0.0,0.0,0.0,0.0,99.44,5.0,25.0,97.22,0,0.2083,0.0065,0.0392,0.0071,6.0,6,0.7833,0.0,0.0,0.25,0.25,0.0052,0.0426,0.0,4.7,9,0.0,0.041,"cell_occupancy,quantized_rotation,toroidal_surface,power_suit_energy,resource_thermodynamics,playable_reality",active,0,"(13,13)"
47,colony,42,0.0,0.0,0.0,0.0,99.42,5.0,25.0,97.16,0,0.2083,0.0065,0.0392,0.0069,6.0,6,0.7833,0.0,0.0,0.25,0.25,0.0052,0.0417,0.0,4.8,9,0.0,0.041,"cell_occupancy,quantized_rotation,toroidal_surface,power_suit_energy,resource_thermodynamics,playable_reality",active,0,"(13,13)"
48,colony,42,0.0,0.0,0.0,0.0,99.41,5.0,25.0,97.1,0,0.2083,0.0058,0.0348,0.0068,6.0,6,0.7833,0.0,0.0,0.2222,0.2222,0.0052,0.0408,0.0,4.9,9,0.0,0.041,"cell_occupancy,quantized_rotation,toroidal_surface,power_suit_energy,resource_thermodynamics,playable_reality",active,0,"(13,13)"
0,semantic,42,0.0,0.0,0.0,0.0,0.0,0.0,0.0,0.0,0.0,0.0,0.0794,0.0794,0.0,4.5,4,0.0,0.0,0.0,0.0,1.0,0.0,0.1667,0.0,0.0,0,0.0,0.0,"playable_reality,minimum_law_efficiency,compression_ratio,semantic_entropy",active,0,
1,semantic,42,0.0,0.0,0.0,0.0,0.0,0.0,0.0,0.0,0.0,0.0,0.0614,0.0614,0.0,4.85,4,0.0,0.0,0.0,0.0,0.75,0.0,0.3333,0.0,0.0,0,0.0,0.0,"playable_reality,minimum_law_efficiency,compression_ratio,semantic_entropy",active,0,
2,semantic,42,0.0,0.0,0.0,0.0,0.0,0.0,0.0,0.0,0.0,0.0,0.0598,0.0598,0.0,5.57,4,0.0,0.0,0.0,0.0,0.5,0.0,0.5,0.0,0.0,0,0.0,0.0,"playable_reality,minimum_law_efficiency,compression_ratio,semantic_entropy",active,0,
3,semantic,42,0.0,0.0,0.0,0.0,0.0,0.0,0.0,0.0,0.0,0.0,0.0581,0.0581,0.0,6.6,4,0.0,0.0,0.0,0.0,0.375,0.0,0.6667,0.0,0.0,0,0.0,0.0,"playable_reality,minimum_law_efficiency,compression_ratio,semantic_entropy",active,0,
4,semantic,42,0.0,0.0,0.0,0.0,0.0,0.0,0.0,0.0,0.0,0.0,0.0622,0.0622,0.0,6.48,4,0.0,0.0,0.0,0.0,0.5,0.0007,0.8333,0.0,0.0,0,0.0,0.0,"playable_reality,minimum_law_efficiency,compression_ratio,semantic_entropy",active,0,
5,semantic,42,0.0,0.0,0.0,0.0,0.0,0.0,0.0,0.0,0.0,0.0,0.065,0.065,0.0,6.15,4,0.0,0.0,0.0,0.0,0.5833,0.0006,1.0,0.0,0.0,0,0.0,0.0,"playable_reality,minimum_law_efficiency,compression_ratio,semantic_entropy",active,0,
6,semantic,42,0.0,0.0,0.0,0.0,0.0,0.0,0.0,0.0,0.0,0.0,0.065,0.065,0.0,6.15,4,0.0,0.0,0.0,0.0,0.5833,0.0006,1.0,0.0,0.0,0,0.0,0.0,"playable_reality,minimum_law_efficiency,compression_ratio,semantic_entropy",active,0,
7,semantic,42,0.0,0.0,0.0,0.0,0.0,0.0,0.0,0.0,0.0,0.0,0.065,0.065,0.0,6.15,4,0.0,0.0,0.0,0.0,0.5833,0.0006,1.0,0.0,0.0,0,0.0,0.0,"playable_reality,minimum_law_efficiency,compression_ratio,semantic_entropy",active,0,
8,semantic,42,0.0,0.0,0.0,0.0,0.0,0.0,0.0,0.0,0.0,0.0,0.065,0.065,0.0,6.15,4,0.0,0.0,0.0,0.0,0.5833,0.0006,1.0,0.0,0.0,0,0.0,0.0,"playable_reality,minimum_law_efficiency,compression_ratio,semantic_entropy",active,0,
9,semantic,42,0.0,0.0,0.0,0.0,0.0,0.0,0.0,0.0,0.0,0.0,0.065,0.065,0.0,6.15,4,0.0,0.0,0.0,0.0,0.5833,0.0006,1.0,0.0,0.0,0,0.0,0.0,"playable_reality,minimum_law_efficiency,compression_ratio,semantic_entropy",active,0,
10,semantic,42,0.0,0.0,0.0,0.0,0.0,0.0,0.0,0.0,0.0,0.0,0.065,0.065,0.0,6.15,4,0.0,0.0,0.0,0.0,0.5833,0.0006,1.0,0.0,0.0,0,0.0,0.0,"playable_reality,minimum_law_efficiency,compression_ratio,semantic_entropy",active,0,
11,semantic,42,0.0,0.0,0.0,0.0,0.0,0.0,0.0,0.0,0.0,0.0,0.065,0.065,0.0,6.15,4,0.0,0.0,0.0,0.0,0.5833,0.0006,1.0,0.0,0.0,0,0.0,0.0,"playable_reality,minimum_law_efficiency,compression_ratio,semantic_entropy",active,0,
12,semantic,42,0.0,0.0,0.0,0.0,0.0,0.0,0.0,0.0,0.0,0.0,0.065,0.065,0.0,6.15,4,0.0,0.0,0.0,0.0,0.5833,0.0006,1.0,0.0,0.0,0,0.0,0.0,"playable_reality,minimum_law_efficiency,compression_ratio,semantic_entropy",active,0,
13,semantic,42,0.0,0.0,0.0,0.0,0.0,0.0,0.0,0.0,0.0,0.0,0.065,0.065,0.0,6.15,4,0.0,0.0,0.0,0.0,0.5833,0.0006,1.0,0.0,0.0,0,0.0,0.0,"playable_reality,minimum_law_efficiency,compression_ratio,semantic_entropy",active,0,
14,semantic,42,0.0,0.0,0.0,0.0,0.0,0.0,0.0,0.0,0.0,0.0,0.065,0.065,0.0,6.15,4,0.0,0.0,0.0,0.0,0.5833,0.0006,1.0,0.0,0.0,0,0.0,0.0,"playable_reality,minimum_law_efficiency,compression_ratio,semantic_entropy",active,0,
15,semantic,42,0.0,0.0,0.0,0.0,0.0,0.0,0.0,0.0,0.0,0.0,0.065,0.065,0.0,6.15,4,0.0,0.0,0.0,0.0,0.5833,0.0006,1.0,0.0,0.0,0,0.0,0.0,"playable_reality,minimum_law_efficiency,compression_ratio,semantic_entropy",active,0,
16,semantic,42,0.0,0.0,0.0,0.0,0.0,0.0,0.0,0.0,0.0,0.0,0.065,0.065,0.0,6.15,4,0.0,0.0,0.0,0.0,0.5833,0.0006,1.0,0.0,0.0,0,0.0,0.0,"playable_reality,minimum_law_efficiency,compression_ratio,semantic_entropy",active,0,
17,semantic,42,0.0,0.0,0.0,0.0,0.0,0.0,0.0,0.0,0.0,0.0,0.065,0.065,0.0,6.15,4,0.0,0.0,0.0,0.0,0.5833,0.0006,1.0,0.0,0.0,0,0.0,0.0,"playable_reality,minimum_law_efficiency,compression_ratio,semantic_entropy",active,0,
18,semantic,42,0.0,0.0,0.0,0.0,0.0,0.0,0.0,0.0,0.0,0.0,0.065,0.065,0.0,6.15,4,0.0,0.0,0.0,0.0,0.5833,0.0006,1.0,0.0,0.0,0,0.0,0.0,"playable_reality,minimum_law_efficiency,compression_ratio,semantic_entropy",active,0,
19,semantic,42,0.0,0.0,0.0,0.0,0.0,0.0,0.0,0.0,0.0,0.0,0.065,0.065,0.0,6.15,4,0.0,0.0,0.0,0.0,0.5833,0.0006,1.0,0.0,0.0,0,0.0,0.0,"playable_reality,minimum_law_efficiency,compression_ratio,semantic_entropy",active,0,
20,semantic,42,0.0,0.0,0.0,0.0,0.0,0.0,0.0,0.0,0.0,0.0,0.065,0.065,0.0,6.15,4,0.0,0.0,0.0,0.0,0.5833,0.0006,1.0,0.0,0.0,0,0.0,0.0,"playable_reality,minimum_law_efficiency,compression_ratio,semantic_entropy",active,0,
21,semantic,42,0.0,0.0,0.0,0.0,0.0,0.0,0.0,0.0,0.0,0.0,0.065,0.065,0.0,6.15,4,0.0,0.0,0.0,0.0,0.5833,0.0006,1.0,0.0,0.0,0,0.0,0.0,"playable_reality,minimum_law_efficiency,compression_ratio,semantic_entropy",active,0,
22,semantic,42,0.0,0.0,0.0,0.0,0.0,0.0,0.0,0.0,0.0,0.0,0.065,0.065,0.0,6.15,4,0.0,0.0,0.0,0.0,0.5833,0.0006,1.0,0.0,0.0,0,0.0,0.0,"playable_reality,minimum_law_efficiency,compression_ratio,semantic_entropy",active,0,
23,semantic,42,0.0,0.0,0.0,0.0,0.0,0.0,0.0,0.0,0.0,0.0,0.065,0.065,0.0,6.15,4,0.0,0.0,0.0,0.0,0.5833,0.0006,1.0,0.0,0.0,0,0.0,0.0,"playable_reality,minimum_law_efficiency,compression_ratio,semantic_entropy",active,0,
24,semantic,42,0.0,0.0,0.0,0.0,0.0,0.0,0.0,0.0,0.0,0.0,0.065,0.065,0.0,6.15,4,0.0,0.0,0.0,0.0,0.5833,0.0006,1.0,0.0,0.0,0,0.0,0.0,"playable_reality,minimum_law_efficiency,compression_ratio,semantic_entropy",active,0,
25,semantic,42,0.0,0.0,0.0,0.0,0.0,0.0,0.0,0.0,0.0,0.0,0.065,0.065,0.0,6.15,4,0.0,0.0,0.0,0.0,0.5833,0.0006,1.0,0.0,0.0,0,0.0,0.0,"playable_reality,minimum_law_efficiency,compression_ratio,semantic_entropy",active,0,
26,semantic,42,0.0,0.0,0.0,0.0,0.0,0.0,0.0,0.0,0.0,0.0,0.065,0.065,0.0,6.15,4,0.0,0.0,0.0,0.0,0.5833,0.0006,1.0,0.0,0.0,0,0.0,0.0,"playable_reality,minimum_law_efficiency,compression_ratio,semantic_entropy",active,0,
27,semantic,42,0.0,0.0,0.0,0.0,0.0,0.0,0.0,0.0,0.0,0.0,0.065,0.065,0.0,6.15,4,0.0,0.0,0.0,0.0,0.5833,0.0006,1.0,0.0,0.0,0,0.0,0.0,"playable_reality,minimum_law_efficiency,compression_ratio,semantic_entropy",active,0,
28,semantic,42,0.0,0.0,0.0,0.0,0.0,0.0,0.0,0.0,0.0,0.0,0.065,0.065,0.0,6.15,4,0.0,0.0,0.0,0.0,0.5833,0.0006,1.0,0.0,0.0,0,0.0,0.0,"playable_reality,minimum_law_efficiency,compression_ratio,semantic_entropy",active,0,
29,semantic,42,0.0,0.0,0.0,0.0,0.0,0.0,0.0,0.0,0.0,0.0,0.065,0.065,0.0,6.15,4,0.0,0.0,0.0,0.0,0.5833,0.0006,1.0,0.0,0.0,0,0.0,0.0,"playable_reality,minimum_law_efficiency,compression_ratio,semantic_entropy",active,0,
30,semantic,42,0.0,0.0,0.0,0.0,0.0,0.0,0.0,0.0,0.0,0.0,0.065,0.065,0.0,6.15,4,0.0,0.0,0.0,0.0,0.5833,0.0006,1.0,0.0,0.0,0,0.0,0.0,"playable_reality,minimum_law_efficiency,compression_ratio,semantic_entropy",active,0,
31,semantic,42,0.0,0.0,0.0,0.0,0.0,0.0,0.0,0.0,0.0,0.0,0.065,0.065,0.0,6.15,4,0.0,0.0,0.0,0.0,0.5833,0.0006,1.0,0.0,0.0,0,0.0,0.0,"playable_reality,minimum_law_efficiency,compression_ratio,semantic_entropy",active,0,
32,semantic,42,0.0,0.0,0.0,0.0,0.0,0.0,0.0,0.0,0.0,0.0,0.065,0.065,0.0,6.15,4,0.0,0.0,0.0,0.0,0.5833,0.0006,1.0,0.0,0.0,0,0.0,0.0,"playable_reality,minimum_law_efficiency,compression_ratio,semantic_entropy",active,0,
33,semantic,42,0.0,0.0,0.0,0.0,0.0,0.0,0.0,0.0,0.0,0.0,0.065,0.065,0.0,6.15,4,0.0,0.0,0.0,0.0,0.5833,0.0006,1.0,0.0,0.0,0,0.0,0.0,"playable_reality,minimum_law_efficiency,compression_ratio,semantic_entropy",active,0,
34,semantic,42,0.0,0.0,0.0,0.0,0.0,0.0,0.0,0.0,0.0,0.0,0.065,0.065,0.0,6.15,4,0.0,0.0,0.0,0.0,0.5833,0.0006,1.0,0.0,0.0,0,0.0,0.0,"playable_reality,minimum_law_efficiency,compression_ratio,semantic_entropy",active,0,
35,semantic,42,0.0,0.0,0.0,0.0,0.0,0.0,0.0,0.0,0.0,0.0,0.065,0.065,0.0,6.15,4,0.0,0.0,0.0,0.0,0.5833,0.0006,1.0,0.0,0.0,0,0.0,0.0,"playable_reality,minimum_law_efficiency,compression_ratio,semantic_entropy",active,0,
36,semantic,42,0.0,0.0,0.0,0.0,0.0,0.0,0.0,0.0,0.0,0.0,0.065,0.065,0.0,6.15,4,0.0,0.0,0.0,0.0,0.5833,0.0006,1.0,0.0,0.0,0,0.0,0.0,"playable_reality,minimum_law_efficiency,compression_ratio,semantic_entropy",active,0,
37,semantic,42,0.0,0.0,0.0,0.0,0.0,0.0,0.0,0.0,0.0,0.0,0.065,0.065,0.0,6.15,4,0.0,0.0,0.0,0.0,0.5833,0.0006,1.0,0.0,0.0,0,0.0,0.0,"playable_reality,minimum_law_efficiency,compression_ratio,semantic_entropy",active,0,
38,semantic,42,0.0,0.0,0.0,0.0,0.0,0.0,0.0,0.0,0.0,0.0,0.065,0.065,0.0,6.15,4,0.0,0.0,0.0,0.0,0.5833,0.0006,1.0,0.0,0.0,0,0.0,0.0,"playable_reality,minimum_law_efficiency,compression_ratio,semantic_entropy",active,0,
39,semantic,42,0.0,0.0,0.0,0.0,0.0,0.0,0.0,0.0,0.0,0.0,0.065,0.065,0.0,6.15,4,0.0,0.0,0.0,0.0,0.5833,0.0006,1.0,0.0,0.0,0,0.0,0.0,"playable_reality,minimum_law_efficiency,compression_ratio,semantic_entropy",active,0,
40,semantic,42,0.0,0.0,0.0,0.0,0.0,0.0,0.0,0.0,0.0,0.0,0.065,0.065,0.0,6.15,4,0.0,0.0,0.0,0.0,0.5833,0.0006,1.0,0.0,0.0,0,0.0,0.0,"playable_reality,minimum_law_efficiency,compression_ratio,semantic_entropy",active,0,
41,semantic,42,0.0,0.0,0.0,0.0,0.0,0.0,0.0,0.0,0.0,0.0,0.065,0.065,0.0,6.15,4,0.0,0.0,0.0,0.0,0.5833,0.0006,1.0,0.0,0.0,0,0.0,0.0,"playable_reality,minimum_law_efficiency,compression_ratio,semantic_entropy",active,0,
42,semantic,42,0.0,0.0,0.0,0.0,0.0,0.0,0.0,0.0,0.0,0.0,0.065,0.065,0.0,6.15,4,0.0,0.0,0.0,0.0,0.5833,0.0006,1.0,0.0,0.0,0,0.0,0.0,"playable_reality,minimum_law_efficiency,compression_ratio,semantic_entropy",active,0,
43,semantic,42,0.0,0.0,0.0,0.0,0.0,0.0,0.0,0.0,0.0,0.0,0.065,0.065,0.0,6.15,4,0.0,0.0,0.0,0.0,0.5833,0.0006,1.0,0.0,0.0,0,0.0,0.0,"playable_reality,minimum_law_efficiency,compression_ratio,semantic_entropy",active,0,
44,semantic,42,0.0,0.0,0.0,0.0,0.0,0.0,0.0,0.0,0.0,0.0,0.065,0.065,0.0,6.15,4,0.0,0.0,0.0,0.0,0.5833,0.0006,1.0,0.0,0.0,0,0.0,0.0,"playable_reality,minimum_law_efficiency,compression_ratio,semantic_entropy",active,0,
45,semantic,42,0.0,0.0,0.0,0.0,0.0,0.0,0.0,0.0,0.0,0.0,0.065,0.065,0.0,6.15,4,0.0,0.0,0.0,0.0,0.5833,0.0006,1.0,0.0,0.0,0,0.0,0.0,"playable_reality,minimum_law_efficiency,compression_ratio,semantic_entropy",active,0,
46,semantic,42,0.0,0.0,0.0,0.0,0.0,0.0,0.0,0.0,0.0,0.0,0.065,0.065,0.0,6.15,4,0.0,0.0,0.0,0.0,0.5833,0.0006,1.0,0.0,0.0,0,0.0,0.0,"playable_reality,minimum_law_efficiency,compression_ratio,semantic_entropy",active,0,
47,semantic,42,0.0,0.0,0.0,0.0,0.0,0.0,0.0,0.0,0.0,0.0,0.065,0.065,0.0,6.15,4,0.0,0.0,0.0,0.0,0.5833,0.0006,1.0,0.0,0.0,0,0.0,0.0,"playable_reality,minimum_law_efficiency,compression_ratio,semantic_entropy",active,0,
48,semantic,42,0.0,0.0,0.0,0.0,0.0,0.0,0.0,0.0,0.0,0.0,0.065,0.065,0.0,6.15,4,0.0,0.0,0.0,0.0,0.5833,0.0006,1.0,0.0,0.0,0,0.0,0.0,"playable_reality,minimum_law_efficiency,compression_ratio,semantic_entropy",active,0,
